Update,NOT,NAND,AND,EPS,OR,ANDN,NOR,XOR,EQU
# Reaction counts - Low resource environment
# Brian Connelly - 2011/12/15

100.0,0.0,0.0,0.0,0.0,0.0,0.0,0.0,0.0,0.0
200.0,0.0,0.0,0.0,0.0,0.0,0.0,0.0,0.0,0.0
300.0,0.0,0.0,0.0,0.0,0.0,0.0,0.0,0.0,0.0
400.0,0.0,0.0,0.0,0.0,0.0,0.0,0.0,0.0,0.0
500.0,0.0,0.0,0.0,0.0,0.0,0.0,0.0,0.0,0.0
600.0,0.0,0.0,0.0,0.0,0.0,0.0,0.0,0.0,0.0
700.0,2.0,0.0,0.0,0.0,0.0,0.0,0.0,0.0,0.0
800.0,0.0,0.0,0.0,0.0,0.0,0.0,0.0,0.0,0.0
900.0,0.0,0.0,0.0,0.0,0.0,0.0,0.0,0.0,0.0
1000.0,7.0,0.0,0.0,0.0,0.0,0.0,0.0,0.0,0.0
1100.0,35.0,0.0,0.0,0.0,0.0,0.0,0.0,0.0,0.0
1200.0,101.0,0.0,0.0,0.0,0.0,0.0,0.0,0.0,0.0
1300.0,45.0,0.0,0.0,0.0,0.0,0.0,0.0,0.0,0.0
1400.0,198.0,0.0,0.0,0.0,0.0,0.0,0.0,0.0,0.0
1500.0,234.0,1.0,0.0,0.0,0.0,0.0,0.0,0.0,0.0
1600.0,533.0,3.0,0.0,0.0,0.0,0.0,0.0,0.0,0.0
1700.0,868.0,19.0,0.0,2.0,0.0,0.0,0.0,0.0,0.0
1800.0,1324.0,51.0,0.0,3.0,0.0,0.0,0.0,0.0,0.0
1900.0,1534.0,75.0,0.0,0.0,0.0,0.0,0.0,0.0,0.0
2000.0,1740.0,203.0,1.0,1.0,0.0,0.0,0.0,0.0,0.0
2100.0,2388.0,421.0,0.0,5.0,0.0,0.0,0.0,0.0,0.0
2200.0,2702.0,776.0,6.0,16.0,0.0,1.0,0.0,0.0,0.0
2300.0,3145.0,1153.0,20.0,15.0,0.0,0.0,0.0,0.0,0.0
2400.0,3336.0,1763.0,38.0,19.0,0.0,9.0,0.0,0.0,0.0
2500.0,2800.0,1574.0,36.0,5.0,0.0,336.0,0.0,0.0,0.0
2600.0,2484.0,1571.0,51.0,4.0,0.0,916.0,1.0,0.0,0.0
2700.0,1841.0,1093.0,20.0,11.0,0.0,1451.0,0.0,0.0,0.0
2800.0,1745.0,661.0,13.0,7.0,0.0,2086.0,0.0,0.0,0.0
2900.0,1575.0,373.0,23.0,9.0,0.0,2099.0,0.0,0.0,0.0
3000.0,1535.0,188.0,14.0,3.0,0.0,2246.0,0.0,0.0,0.0
3100.0,1851.0,169.0,12.0,4.0,0.0,2780.0,0.0,0.0,0.0
3200.0,2079.0,95.0,21.0,1.0,0.0,3235.0,0.0,0.0,0.0
3300.0,2160.0,57.0,21.0,9.0,0.0,3337.0,0.0,0.0,0.0
3400.0,2337.0,5.0,18.0,8.0,0.0,3627.0,0.0,0.0,0.0
3500.0,2671.0,6.0,6.0,10.0,5.0,4182.0,0.0,0.0,0.0
3600.0,2879.0,16.0,19.0,9.0,7.0,4388.0,0.0,0.0,0.0
3700.0,2996.0,20.0,45.0,11.0,0.0,4449.0,0.0,0.0,0.0
3800.0,2778.0,19.0,59.0,6.0,0.0,4303.0,0.0,0.0,0.0
3900.0,2934.0,29.0,205.0,6.0,0.0,4656.0,0.0,0.0,0.0
4000.0,2563.0,21.0,260.0,4.0,1.0,4408.0,0.0,0.0,0.0
4100.0,2336.0,23.0,487.0,4.0,0.0,4421.0,0.0,0.0,0.0
4200.0,2216.0,31.0,774.0,11.0,0.0,4747.0,0.0,0.0,0.0
4300.0,2070.0,54.0,868.0,6.0,0.0,4493.0,0.0,0.0,0.0
4400.0,1595.0,43.0,1364.0,10.0,0.0,4428.0,0.0,0.0,0.0
4500.0,1182.0,41.0,1828.0,6.0,1.0,4211.0,0.0,0.0,0.0
4600.0,927.0,63.0,2084.0,5.0,0.0,4316.0,0.0,0.0,0.0
4700.0,527.0,74.0,2562.0,4.0,8.0,4286.0,0.0,0.0,0.0
4800.0,409.0,59.0,2812.0,5.0,1.0,4450.0,0.0,0.0,0.0
4900.0,289.0,77.0,2934.0,7.0,0.0,4437.0,1.0,0.0,0.0
5000.0,205.0,68.0,3293.0,2.0,0.0,4687.0,0.0,0.0,0.0
5100.0,177.0,59.0,3345.0,11.0,0.0,4761.0,0.0,0.0,0.0
5200.0,130.0,81.0,3230.0,6.0,0.0,4637.0,0.0,0.0,0.0
5300.0,101.0,67.0,3418.0,8.0,0.0,4712.0,2.0,0.0,0.0
5400.0,88.0,50.0,3281.0,4.0,0.0,4601.0,1.0,0.0,0.0
5500.0,73.0,42.0,3356.0,1.0,0.0,4618.0,0.0,0.0,0.0
5600.0,65.0,54.0,3155.0,5.0,0.0,4389.0,0.0,0.0,0.0
5700.0,70.0,59.0,3287.0,8.0,0.0,4562.0,1.0,0.0,0.0
5800.0,66.0,51.0,3264.0,14.0,0.0,4502.0,0.0,0.0,0.0
5900.0,93.0,55.0,3295.0,3.0,1.0,4526.0,0.0,0.0,0.0
6000.0,114.0,67.0,3454.0,5.0,0.0,4672.0,1.0,0.0,0.0
6100.0,79.0,89.0,3424.0,4.0,0.0,4725.0,0.0,0.0,0.0
6200.0,66.0,62.0,3274.0,8.0,0.0,4435.0,0.0,0.0,0.0
6300.0,107.0,68.0,3447.0,5.0,0.0,4710.0,2.0,0.0,0.0
6400.0,61.0,64.0,3331.0,9.0,0.0,4671.0,5.0,0.0,0.0
6500.0,107.0,73.0,3281.0,7.0,4.0,4472.0,3.0,0.0,0.0
6600.0,101.0,94.0,3457.0,11.0,0.0,4664.0,21.0,0.0,0.0
6700.0,84.0,75.0,3429.0,8.0,1.0,4742.0,133.0,0.0,0.0
6800.0,92.0,63.0,3154.0,12.0,1.0,4487.0,373.0,0.0,0.0
6900.0,160.0,52.0,2897.0,29.0,1.0,4396.0,882.0,0.0,0.0
7000.0,268.0,37.0,2400.0,9.0,7.0,3997.0,1192.0,0.0,0.0
7100.0,210.0,41.0,1885.0,26.0,1.0,3543.0,1520.0,0.0,0.0
7200.0,259.0,32.0,1348.0,30.0,8.0,3406.0,2330.0,0.0,0.0
7300.0,214.0,6.0,668.0,30.0,12.0,2891.0,3055.0,0.0,0.0
7400.0,241.0,20.0,471.0,24.0,21.0,2976.0,3608.0,0.0,0.0
7500.0,230.0,5.0,193.0,26.0,31.0,3223.0,3937.0,0.0,0.0
7600.0,233.0,3.0,134.0,31.0,34.0,3367.0,4169.0,0.0,0.0
7700.0,198.0,0.0,81.0,30.0,62.0,3127.0,4047.0,0.0,0.0
7800.0,178.0,0.0,61.0,19.0,32.0,3172.0,4008.0,0.0,0.0
7900.0,201.0,1.0,56.0,20.0,74.0,3110.0,4044.0,0.0,0.0
8000.0,191.0,2.0,57.0,23.0,78.0,3224.0,4272.0,0.0,0.0
8100.0,181.0,4.0,66.0,37.0,68.0,3047.0,3994.0,0.0,0.0
8200.0,225.0,3.0,51.0,35.0,106.0,3151.0,4052.0,0.0,0.0
8300.0,184.0,6.0,59.0,28.0,109.0,3146.0,4040.0,0.0,0.0
8400.0,195.0,0.0,46.0,33.0,150.0,3002.0,3953.0,0.0,0.0
8500.0,203.0,10.0,50.0,33.0,102.0,2961.0,3919.0,0.0,0.0
8600.0,210.0,4.0,58.0,31.0,114.0,3224.0,4132.0,0.0,0.0
8700.0,219.0,13.0,61.0,35.0,91.0,3162.0,4084.0,0.0,0.0
8800.0,224.0,26.0,54.0,51.0,106.0,3028.0,4081.0,0.0,0.0
8900.0,168.0,20.0,42.0,37.0,121.0,3115.0,4073.0,0.0,0.0
9000.0,221.0,18.0,41.0,38.0,94.0,3008.0,3953.0,0.0,0.0
9100.0,231.0,10.0,41.0,54.0,126.0,3275.0,4331.0,0.0,0.0
9200.0,207.0,29.0,75.0,37.0,172.0,3172.0,4171.0,0.0,0.0
9300.0,203.0,18.0,64.0,31.0,176.0,2962.0,3918.0,0.0,0.0
9400.0,208.0,18.0,80.0,32.0,112.0,3277.0,4128.0,0.0,0.0
9500.0,223.0,29.0,77.0,26.0,110.0,3155.0,4065.0,0.0,0.0
9600.0,228.0,27.0,60.0,32.0,105.0,3114.0,4076.0,0.0,0.0
9700.0,197.0,4.0,63.0,28.0,151.0,2981.0,3962.0,0.0,0.0
9800.0,212.0,0.0,56.0,36.0,176.0,3070.0,4088.0,0.0,0.0
9900.0,199.0,7.0,52.0,28.0,203.0,3156.0,4327.0,0.0,0.0
10000.0,205.0,3.0,80.0,31.0,212.0,3080.0,4194.0,0.0,0.0
10100.0,210.0,3.0,83.0,23.0,238.0,3091.0,4112.0,0.0,0.0
10200.0,184.0,3.0,62.0,23.0,202.0,3046.0,4162.0,0.0,0.0
10300.0,235.0,7.0,80.0,21.0,256.0,3083.0,4171.0,0.0,0.0
10400.0,222.0,5.0,49.0,20.0,221.0,3066.0,4194.0,0.0,0.0
10500.0,221.0,5.0,71.0,30.0,162.0,2924.0,3985.0,0.0,0.0
10600.0,245.0,2.0,63.0,25.0,211.0,3107.0,4225.0,0.0,0.0
10700.0,210.0,4.0,83.0,32.0,150.0,3186.0,4177.0,0.0,0.0
10800.0,253.0,1.0,51.0,28.0,103.0,3042.0,4107.0,0.0,0.0
10900.0,239.0,5.0,61.0,21.0,80.0,3274.0,4246.0,0.0,0.0
11000.0,210.0,2.0,60.0,23.0,80.0,3030.0,3972.0,0.0,0.0
11100.0,202.0,0.0,49.0,25.0,164.0,2795.0,3894.0,0.0,0.0
11200.0,206.0,3.0,55.0,21.0,241.0,2831.0,4066.0,0.0,0.0
11300.0,222.0,5.0,62.0,23.0,211.0,3042.0,4138.0,0.0,0.0
11400.0,202.0,3.0,41.0,25.0,204.0,2888.0,4021.0,0.0,0.0
11500.0,229.0,3.0,49.0,34.0,214.0,3074.0,4124.0,0.0,0.0
11600.0,240.0,6.0,54.0,38.0,380.0,2830.0,4087.0,0.0,0.0
11700.0,229.0,6.0,29.0,25.0,401.0,2837.0,4143.0,0.0,0.0
11800.0,254.0,0.0,42.0,32.0,370.0,2849.0,4080.0,0.0,0.0
11900.0,254.0,0.0,54.0,43.0,348.0,2867.0,4127.0,0.0,0.0
12000.0,244.0,1.0,41.0,25.0,374.0,2727.0,4075.0,0.0,0.0
12100.0,264.0,9.0,48.0,27.0,608.0,2677.0,4169.0,0.0,0.0
12200.0,282.0,3.0,53.0,32.0,751.0,2457.0,4189.0,0.0,0.0
12300.0,254.0,3.0,43.0,41.0,695.0,2441.0,4279.0,0.0,0.0
12400.0,209.0,4.0,44.0,33.0,634.0,2407.0,4176.0,0.0,0.0
12500.0,217.0,4.0,53.0,42.0,771.0,2344.0,4259.0,0.0,0.0
12600.0,270.0,1.0,45.0,54.0,692.0,2232.0,4277.0,0.0,0.0
12700.0,300.0,3.0,77.0,41.0,756.0,2252.0,4408.0,0.0,0.0
12800.0,278.0,3.0,69.0,71.0,820.0,2221.0,4158.0,0.0,0.0
12900.0,236.0,2.0,73.0,79.0,933.0,2290.0,4265.0,0.0,0.0
13000.0,218.0,7.0,57.0,64.0,870.0,2078.0,4045.0,0.0,0.0
13100.0,235.0,5.0,73.0,39.0,824.0,2202.0,4034.0,0.0,0.0
13200.0,203.0,5.0,52.0,62.0,1025.0,2139.0,4245.0,0.0,0.0
13300.0,237.0,9.0,53.0,36.0,1025.0,2242.0,4318.0,0.0,0.0
13400.0,183.0,15.0,37.0,55.0,984.0,2021.0,4048.0,0.0,0.0
13500.0,175.0,10.0,47.0,43.0,998.0,2161.0,4272.0,0.0,0.0
13600.0,217.0,5.0,38.0,29.0,993.0,1964.0,4062.0,0.0,0.0
13700.0,192.0,3.0,48.0,47.0,961.0,2057.0,4135.0,0.0,0.0
13800.0,242.0,7.0,59.0,31.0,1169.0,1874.0,4141.0,0.0,0.0
13900.0,222.0,4.0,59.0,57.0,1057.0,2153.0,4318.0,0.0,0.0
14000.0,182.0,5.0,61.0,52.0,994.0,2102.0,4185.0,0.0,0.0
14100.0,218.0,7.0,62.0,41.0,1231.0,2127.0,4293.0,0.0,0.0
14200.0,200.0,8.0,50.0,42.0,1168.0,2117.0,4354.0,0.0,0.0
14300.0,186.0,7.0,65.0,36.0,1279.0,1927.0,4259.0,0.0,0.0
14400.0,211.0,1.0,37.0,45.0,1182.0,1901.0,4195.0,0.0,0.0
14500.0,208.0,6.0,44.0,32.0,1283.0,1841.0,4100.0,0.0,0.0
14600.0,205.0,4.0,51.0,41.0,1078.0,1821.0,3906.0,0.0,0.0
14700.0,193.0,4.0,53.0,37.0,1217.0,2014.0,4264.0,0.0,0.0
14800.0,210.0,2.0,51.0,40.0,1093.0,2088.0,4129.0,0.0,0.0
14900.0,207.0,4.0,58.0,45.0,1286.0,2067.0,4392.0,0.0,0.0
15000.0,190.0,4.0,47.0,35.0,1124.0,2155.0,4316.0,0.0,0.0
15100.0,223.0,5.0,53.0,43.0,1162.0,1975.0,4216.0,0.0,1.0
15200.0,225.0,2.0,43.0,35.0,1235.0,2199.0,4520.0,0.0,0.0
15300.0,235.0,7.0,47.0,35.0,1155.0,2080.0,4391.0,0.0,0.0
15400.0,223.0,10.0,31.0,29.0,1349.0,1942.0,4338.0,0.0,0.0
15500.0,209.0,9.0,51.0,37.0,1341.0,1805.0,4227.0,0.0,0.0
15600.0,204.0,12.0,56.0,53.0,1310.0,1836.0,4226.0,0.0,0.0
15700.0,188.0,7.0,46.0,65.0,1219.0,1909.0,4182.0,0.0,0.0
15800.0,199.0,8.0,54.0,51.0,1484.0,1625.0,4119.0,0.0,0.0
15900.0,203.0,4.0,36.0,26.0,1611.0,1605.0,4212.0,0.0,0.0
16000.0,198.0,4.0,39.0,39.0,1747.0,1486.0,4237.0,0.0,0.0
16100.0,188.0,14.0,35.0,35.0,1686.0,1520.0,4152.0,0.0,0.0
16200.0,203.0,13.0,30.0,36.0,1852.0,1361.0,4079.0,0.0,0.0
16300.0,197.0,8.0,41.0,43.0,1792.0,1362.0,4109.0,0.0,0.0
16400.0,187.0,6.0,57.0,56.0,1932.0,1407.0,4279.0,0.0,0.0
16500.0,181.0,6.0,38.0,29.0,2022.0,1341.0,4322.0,0.0,0.0
16600.0,156.0,5.0,32.0,59.0,1740.0,1479.0,4218.0,0.0,0.0
16700.0,181.0,8.0,35.0,76.0,1862.0,1304.0,4184.0,0.0,1.0
16800.0,169.0,6.0,30.0,73.0,1749.0,1301.0,4102.0,0.0,0.0
16900.0,213.0,9.0,44.0,52.0,2068.0,1039.0,4217.0,1.0,0.0
17000.0,198.0,9.0,38.0,61.0,1828.0,1118.0,3976.0,0.0,0.0
17100.0,170.0,6.0,31.0,50.0,2084.0,1155.0,4223.0,0.0,0.0
17200.0,166.0,4.0,24.0,51.0,2181.0,1045.0,4129.0,0.0,0.0
17300.0,162.0,0.0,29.0,33.0,2219.0,966.0,4067.0,0.0,0.0
17400.0,173.0,6.0,33.0,40.0,2201.0,962.0,4127.0,0.0,0.0
17500.0,154.0,9.0,23.0,61.0,2375.0,939.0,4215.0,0.0,0.0
17600.0,193.0,11.0,37.0,54.0,2229.0,1143.0,4332.0,0.0,0.0
17700.0,154.0,3.0,32.0,51.0,2164.0,941.0,4028.0,0.0,0.0
17800.0,173.0,5.0,26.0,63.0,2321.0,947.0,4225.0,0.0,0.0
17900.0,209.0,7.0,39.0,46.0,2194.0,1018.0,4169.0,0.0,0.0
18000.0,180.0,3.0,31.0,20.0,2350.0,1018.0,4342.0,0.0,0.0
18100.0,150.0,1.0,29.0,26.0,2350.0,1011.0,4343.0,0.0,0.0
18200.0,193.0,0.0,17.0,33.0,2369.0,864.0,4234.0,0.0,0.0
18300.0,155.0,2.0,25.0,35.0,2310.0,925.0,4209.0,0.0,0.0
18400.0,147.0,1.0,31.0,26.0,2291.0,901.0,4182.0,0.0,0.0
18500.0,142.0,3.0,25.0,32.0,2332.0,861.0,4082.0,0.0,0.0
18600.0,186.0,5.0,22.0,31.0,2540.0,712.0,4129.0,0.0,0.0
18700.0,172.0,8.0,25.0,26.0,2369.0,712.0,3950.0,0.0,0.0
18800.0,167.0,7.0,34.0,24.0,2319.0,814.0,3974.0,0.0,0.0
18900.0,138.0,1.0,26.0,28.0,2401.0,838.0,4130.0,0.0,0.0
19000.0,156.0,1.0,37.0,43.0,2213.0,877.0,4066.0,0.0,0.0
19100.0,157.0,0.0,36.0,30.0,2373.0,815.0,4033.0,0.0,0.0
19200.0,193.0,5.0,30.0,33.0,2520.0,813.0,4206.0,0.0,0.0
19300.0,174.0,4.0,24.0,22.0,2575.0,717.0,4194.0,0.0,0.0
19400.0,194.0,2.0,12.0,45.0,2464.0,829.0,4176.0,0.0,0.0
19500.0,182.0,4.0,22.0,22.0,2389.0,806.0,4022.0,0.0,0.0
19600.0,186.0,3.0,21.0,41.0,2390.0,796.0,4085.0,0.0,0.0
19700.0,158.0,5.0,32.0,26.0,2251.0,793.0,3911.0,0.0,0.0
19800.0,188.0,8.0,32.0,29.0,2290.0,816.0,3900.0,0.0,0.0
19900.0,200.0,7.0,22.0,22.0,2419.0,859.0,4178.0,0.0,0.0
20000.0,167.0,8.0,21.0,24.0,2434.0,613.0,3919.0,0.0,0.0
20100.0,178.0,8.0,33.0,37.0,2270.0,778.0,3817.0,0.0,0.0
20200.0,148.0,6.0,30.0,21.0,2299.0,687.0,3858.0,0.0,0.0
20300.0,174.0,3.0,27.0,17.0,2496.0,742.0,4129.0,0.0,0.0
20400.0,188.0,1.0,21.0,21.0,2413.0,768.0,4062.0,0.0,0.0
20500.0,176.0,3.0,20.0,20.0,2305.0,812.0,3965.0,0.0,0.0
20600.0,203.0,2.0,38.0,33.0,2552.0,701.0,4086.0,0.0,0.0
20700.0,163.0,5.0,36.0,21.0,2252.0,798.0,4036.0,0.0,0.0
20800.0,202.0,3.0,40.0,31.0,2388.0,747.0,4059.0,0.0,0.0
20900.0,153.0,7.0,39.0,20.0,2431.0,728.0,4168.0,0.0,0.0
21000.0,170.0,5.0,45.0,35.0,2044.0,730.0,4125.0,0.0,0.0
21100.0,204.0,5.0,52.0,28.0,2327.0,695.0,4326.0,0.0,0.0
21200.0,178.0,7.0,53.0,37.0,2579.0,576.0,4224.0,0.0,0.0
21300.0,172.0,3.0,30.0,38.0,2680.0,469.0,4207.0,0.0,0.0
21400.0,151.0,1.0,22.0,33.0,2783.0,583.0,4286.0,0.0,0.0
21500.0,185.0,4.0,28.0,27.0,2776.0,533.0,4196.0,0.0,0.0
21600.0,173.0,3.0,28.0,28.0,2509.0,643.0,4039.0,0.0,0.0
21700.0,172.0,3.0,38.0,25.0,2549.0,548.0,3979.0,0.0,0.0
21800.0,174.0,2.0,32.0,23.0,2531.0,618.0,4098.0,0.0,0.0
21900.0,159.0,5.0,25.0,23.0,2437.0,783.0,4236.0,0.0,0.0
22000.0,145.0,2.0,37.0,25.0,2766.0,505.0,4139.0,0.0,0.0
22100.0,143.0,7.0,39.0,16.0,2627.0,649.0,4285.0,0.0,0.0
22200.0,208.0,4.0,41.0,33.0,2571.0,643.0,4245.0,0.0,0.0
22300.0,222.0,6.0,24.0,36.0,2254.0,600.0,4101.0,0.0,0.0
22400.0,197.0,11.0,55.0,48.0,2261.0,652.0,4203.0,0.0,0.0
22500.0,216.0,17.0,46.0,34.0,2247.0,675.0,3987.0,0.0,0.0
22600.0,198.0,5.0,30.0,35.0,2254.0,718.0,4145.0,0.0,0.0
22700.0,193.0,9.0,25.0,24.0,2390.0,850.0,4191.0,0.0,0.0
22800.0,175.0,10.0,32.0,53.0,2415.0,809.0,4075.0,0.0,0.0
22900.0,178.0,9.0,30.0,31.0,2417.0,787.0,4033.0,0.0,0.0
23000.0,148.0,2.0,23.0,59.0,2418.0,703.0,4018.0,0.0,0.0
23100.0,137.0,9.0,21.0,48.0,2389.0,837.0,4083.0,0.0,0.0
23200.0,167.0,2.0,27.0,33.0,2324.0,794.0,4003.0,0.0,0.0
23300.0,154.0,5.0,25.0,29.0,2348.0,861.0,4168.0,0.0,0.0
23400.0,181.0,11.0,19.0,37.0,2404.0,814.0,4080.0,0.0,0.0
23500.0,175.0,5.0,20.0,35.0,2547.0,804.0,4199.0,0.0,0.0
23600.0,200.0,9.0,20.0,43.0,2276.0,752.0,3980.0,0.0,0.0
23700.0,173.0,6.0,26.0,29.0,2489.0,667.0,4135.0,0.0,0.0
23800.0,197.0,4.0,32.0,21.0,2332.0,752.0,3938.0,0.0,0.0
23900.0,178.0,5.0,20.0,35.0,2371.0,731.0,4022.0,0.0,0.0
24000.0,213.0,4.0,29.0,31.0,2233.0,876.0,3983.0,0.0,0.0
24100.0,188.0,14.0,32.0,24.0,2280.0,764.0,3970.0,0.0,0.0
24200.0,186.0,7.0,29.0,20.0,2566.0,680.0,4104.0,0.0,0.0
24300.0,172.0,9.0,23.0,36.0,2484.0,670.0,4036.0,0.0,0.0
24400.0,192.0,6.0,24.0,33.0,2673.0,612.0,4181.0,0.0,0.0
24500.0,158.0,4.0,27.0,22.0,2530.0,618.0,3974.0,0.0,0.0
24600.0,179.0,3.0,30.0,33.0,2532.0,596.0,4026.0,0.0,0.0
24700.0,203.0,4.0,20.0,31.0,2579.0,575.0,4052.0,0.0,0.0
24800.0,164.0,2.0,22.0,31.0,2630.0,545.0,4000.0,0.0,0.0
24900.0,185.0,4.0,22.0,29.0,2685.0,579.0,4051.0,0.0,0.0
25000.0,186.0,5.0,21.0,32.0,2699.0,531.0,4082.0,0.0,0.0
25100.0,208.0,2.0,25.0,25.0,2723.0,577.0,4096.0,0.0,0.0
25200.0,193.0,3.0,26.0,24.0,2628.0,560.0,4046.0,0.0,0.0
25300.0,181.0,4.0,20.0,24.0,2525.0,478.0,3723.0,0.0,0.0
25400.0,157.0,5.0,15.0,23.0,2587.0,526.0,3933.0,0.0,0.0
25500.0,169.0,2.0,22.0,29.0,2729.0,487.0,4065.0,0.0,0.0
25600.0,185.0,2.0,11.0,20.0,2625.0,504.0,3930.0,0.0,0.0
25700.0,177.0,2.0,21.0,28.0,2701.0,441.0,4000.0,0.0,0.0
25800.0,168.0,9.0,15.0,27.0,2779.0,529.0,4188.0,0.0,0.0
25900.0,168.0,2.0,14.0,32.0,2920.0,498.0,4334.0,0.0,0.0
26000.0,171.0,4.0,9.0,29.0,2772.0,434.0,4074.0,0.0,0.0
26100.0,174.0,7.0,23.0,15.0,2681.0,517.0,4135.0,0.0,0.0
26200.0,180.0,4.0,24.0,24.0,2625.0,612.0,4116.0,0.0,0.0
26300.0,163.0,1.0,14.0,32.0,2557.0,466.0,4023.0,0.0,0.0
26400.0,160.0,1.0,27.0,35.0,2596.0,360.0,4043.0,0.0,0.0
26500.0,192.0,4.0,41.0,37.0,2560.0,447.0,4198.0,0.0,0.0
26600.0,153.0,0.0,35.0,32.0,2582.0,522.0,4243.0,0.0,0.0
26700.0,158.0,5.0,19.0,32.0,2667.0,426.0,4147.0,0.0,0.0
26800.0,179.0,1.0,18.0,35.0,2606.0,486.0,4026.0,0.0,0.0
26900.0,173.0,0.0,26.0,32.0,2810.0,467.0,4123.0,0.0,0.0
27000.0,156.0,5.0,21.0,17.0,2646.0,489.0,4007.0,0.0,0.0
27100.0,159.0,3.0,22.0,31.0,2796.0,474.0,4131.0,0.0,0.0
27200.0,153.0,8.0,32.0,40.0,2701.0,496.0,4220.0,0.0,0.0
27300.0,179.0,6.0,35.0,33.0,2540.0,512.0,3895.0,0.0,0.0
27400.0,165.0,12.0,34.0,31.0,2661.0,616.0,4162.0,0.0,0.0
27500.0,158.0,8.0,25.0,43.0,2493.0,749.0,4228.0,0.0,0.0
27600.0,152.0,2.0,28.0,29.0,2341.0,769.0,4049.0,0.0,0.0
27700.0,169.0,5.0,19.0,44.0,2617.0,541.0,4094.0,0.0,0.0
27800.0,160.0,4.0,28.0,42.0,2500.0,601.0,3975.0,0.0,0.0
27900.0,213.0,5.0,17.0,42.0,2480.0,683.0,4132.0,0.0,0.0
28000.0,159.0,6.0,20.0,36.0,2754.0,654.0,4272.0,0.0,0.0
28100.0,200.0,12.0,21.0,35.0,2673.0,585.0,4133.0,0.0,0.0
28200.0,202.0,5.0,29.0,42.0,2739.0,532.0,4159.0,0.0,0.0
28300.0,191.0,2.0,16.0,33.0,2718.0,550.0,4169.0,0.0,0.0
28400.0,183.0,3.0,19.0,33.0,2713.0,524.0,4135.0,0.0,0.0
28500.0,157.0,7.0,30.0,37.0,2492.0,803.0,4192.0,0.0,0.0
28600.0,170.0,8.0,28.0,33.0,2495.0,769.0,4150.0,0.0,0.0
28700.0,172.0,7.0,24.0,26.0,2341.0,733.0,3890.0,0.0,0.0
28800.0,210.0,6.0,19.0,31.0,2621.0,897.0,4317.0,0.0,0.0
28900.0,206.0,8.0,20.0,23.0,2600.0,733.0,4113.0,0.0,0.0
29000.0,149.0,2.0,25.0,36.0,2478.0,792.0,4053.0,0.0,0.0
29100.0,190.0,17.0,20.0,37.0,2552.0,700.0,4023.0,0.0,0.0
29200.0,160.0,12.0,25.0,33.0,2388.0,720.0,3970.0,0.0,0.0
29300.0,166.0,8.0,21.0,22.0,2484.0,797.0,4097.0,0.0,0.0
29400.0,163.0,7.0,23.0,31.0,2442.0,747.0,4031.0,0.0,0.0
29500.0,179.0,4.0,14.0,35.0,2588.0,734.0,4131.0,0.0,0.0
29600.0,188.0,5.0,29.0,26.0,2359.0,783.0,3942.0,0.0,0.0
29700.0,168.0,4.0,26.0,28.0,2482.0,773.0,4088.0,0.0,0.0
29800.0,156.0,3.0,24.0,31.0,2533.0,820.0,4107.0,0.0,1.0
29900.0,156.0,7.0,27.0,39.0,2515.0,806.0,4165.0,0.0,0.0
30000.0,175.0,1.0,18.0,33.0,2637.0,574.0,4031.0,0.0,0.0
30100.0,145.0,3.0,22.0,35.0,2426.0,878.0,4144.0,0.0,0.0
30200.0,139.0,2.0,24.0,23.0,2652.0,661.0,4089.0,0.0,0.0
30300.0,134.0,6.0,23.0,23.0,2721.0,701.0,4230.0,0.0,0.0
30400.0,185.0,5.0,21.0,34.0,2434.0,652.0,3887.0,0.0,0.0
30500.0,163.0,6.0,16.0,56.0,2409.0,798.0,4020.0,0.0,0.0
30600.0,153.0,5.0,28.0,29.0,2398.0,865.0,4058.0,0.0,0.0
30700.0,154.0,3.0,28.0,32.0,2691.0,756.0,4264.0,0.0,0.0
30800.0,188.0,6.0,17.0,31.0,2359.0,889.0,4034.0,0.0,0.0
30900.0,176.0,5.0,18.0,38.0,2364.0,913.0,4087.0,0.0,0.0
31000.0,150.0,6.0,19.0,30.0,2616.0,709.0,4175.0,0.0,0.0
31100.0,161.0,7.0,28.0,42.0,2498.0,918.0,4277.0,0.0,0.0
31200.0,173.0,2.0,33.0,25.0,2192.0,908.0,3858.0,0.0,0.0
31300.0,158.0,4.0,27.0,38.0,2282.0,884.0,3991.0,0.0,0.0
31400.0,155.0,1.0,20.0,44.0,2448.0,1069.0,4305.0,0.0,0.0
31500.0,173.0,4.0,20.0,42.0,2394.0,964.0,4241.0,0.0,0.0
31600.0,180.0,4.0,27.0,20.0,2398.0,1108.0,4344.0,0.0,0.0
31700.0,165.0,3.0,20.0,24.0,2184.0,1241.0,4161.0,0.0,0.0
31800.0,155.0,1.0,19.0,25.0,2139.0,1078.0,4052.0,0.0,0.0
31900.0,168.0,1.0,17.0,32.0,2492.0,1023.0,4344.0,0.0,0.0
32000.0,160.0,2.0,20.0,31.0,2448.0,1014.0,4279.0,0.0,0.0
32100.0,171.0,2.0,25.0,34.0,2503.0,836.0,4083.0,0.0,0.0
32200.0,144.0,3.0,16.0,23.0,2634.0,821.0,4294.0,0.0,0.0
32300.0,142.0,2.0,15.0,18.0,2453.0,912.0,4201.0,0.0,0.0
32400.0,162.0,4.0,22.0,25.0,2429.0,932.0,4190.0,0.0,0.0
32500.0,149.0,6.0,17.0,27.0,2304.0,964.0,4087.0,1.0,0.0
32600.0,176.0,6.0,24.0,22.0,2329.0,1007.0,4181.0,0.0,0.0
32700.0,182.0,5.0,28.0,31.0,2476.0,873.0,4205.0,0.0,0.0
32800.0,151.0,11.0,24.0,23.0,2478.0,807.0,4073.0,0.0,0.0
32900.0,173.0,8.0,32.0,35.0,2433.0,1000.0,4268.0,0.0,0.0
33000.0,146.0,2.0,14.0,31.0,2384.0,908.0,4042.0,0.0,0.0
33100.0,170.0,2.0,41.0,34.0,2255.0,997.0,4053.0,0.0,0.0
33200.0,165.0,8.0,37.0,21.0,2279.0,1007.0,4084.0,0.0,0.0
33300.0,159.0,5.0,26.0,33.0,2388.0,994.0,4190.0,0.0,0.0
33400.0,146.0,4.0,21.0,40.0,2303.0,1073.0,4243.0,0.0,0.0
33500.0,138.0,7.0,30.0,36.0,2461.0,1108.0,4320.0,0.0,0.0
33600.0,144.0,2.0,15.0,23.0,2249.0,1235.0,4253.0,0.0,0.0
33700.0,146.0,8.0,19.0,29.0,2105.0,1149.0,4083.0,0.0,0.0
33800.0,141.0,4.0,26.0,35.0,2341.0,1115.0,4239.0,0.0,0.0
33900.0,137.0,2.0,22.0,29.0,2306.0,993.0,4118.0,0.0,0.0
34000.0,132.0,5.0,25.0,32.0,2274.0,1018.0,4156.0,0.0,0.0
34100.0,149.0,6.0,19.0,29.0,2331.0,883.0,3914.0,0.0,0.0
34200.0,161.0,5.0,25.0,32.0,2166.0,1015.0,3989.0,0.0,0.0
34300.0,169.0,3.0,23.0,34.0,2245.0,1054.0,4015.0,0.0,0.0
34400.0,159.0,12.0,30.0,20.0,2460.0,1006.0,4200.0,0.0,0.0
34500.0,123.0,2.0,18.0,31.0,2429.0,901.0,4056.0,0.0,0.0
34600.0,139.0,6.0,23.0,36.0,2381.0,934.0,4059.0,0.0,0.0
34700.0,152.0,6.0,25.0,35.0,2538.0,824.0,4180.0,0.0,0.0
34800.0,143.0,6.0,27.0,34.0,2388.0,964.0,4180.0,0.0,0.0
34900.0,141.0,10.0,21.0,28.0,2501.0,823.0,4147.0,0.0,0.0
35000.0,140.0,3.0,23.0,40.0,2428.0,899.0,4231.0,0.0,0.0
35100.0,151.0,10.0,31.0,35.0,2112.0,1040.0,4093.0,0.0,0.0
35200.0,188.0,12.0,28.0,31.0,1881.0,1164.0,4158.0,0.0,0.0
35300.0,204.0,9.0,45.0,46.0,2025.0,1111.0,4165.0,0.0,0.0
35400.0,157.0,9.0,34.0,48.0,2141.0,1071.0,4162.0,0.0,0.0
35500.0,151.0,13.0,29.0,42.0,2205.0,1070.0,4265.0,0.0,0.0
35600.0,166.0,2.0,37.0,27.0,2191.0,1182.0,4160.0,0.0,0.0
35700.0,163.0,6.0,25.0,40.0,2283.0,1133.0,4226.0,0.0,0.0
35800.0,168.0,5.0,23.0,36.0,2553.0,856.0,4177.0,0.0,0.0
35900.0,158.0,6.0,25.0,32.0,2381.0,979.0,4175.0,0.0,0.0
36000.0,169.0,5.0,19.0,41.0,2155.0,950.0,4003.0,0.0,0.0
36100.0,209.0,2.0,14.0,55.0,2587.0,812.0,4234.0,0.0,0.0
36200.0,184.0,7.0,33.0,44.0,2411.0,873.0,4066.0,0.0,0.0
36300.0,187.0,6.0,19.0,56.0,2616.0,838.0,4174.0,0.0,0.0
36400.0,156.0,6.0,22.0,63.0,2447.0,800.0,4056.0,0.0,0.0
36500.0,173.0,6.0,26.0,65.0,2782.0,708.0,4304.0,0.0,0.0
36600.0,196.0,3.0,18.0,47.0,2740.0,632.0,4189.0,0.0,0.0
36700.0,164.0,5.0,15.0,43.0,2712.0,639.0,4186.0,0.0,0.0
36800.0,148.0,1.0,14.0,37.0,2562.0,610.0,3972.0,0.0,0.0
36900.0,146.0,1.0,24.0,31.0,2743.0,600.0,4082.0,0.0,0.0
37000.0,150.0,4.0,16.0,38.0,2778.0,586.0,4168.0,0.0,0.0
37100.0,165.0,2.0,17.0,23.0,2761.0,465.0,4044.0,0.0,0.0
37200.0,139.0,7.0,17.0,34.0,2768.0,437.0,3968.0,0.0,0.0
37300.0,154.0,6.0,17.0,41.0,2732.0,655.0,4230.0,0.0,0.0
37400.0,168.0,4.0,19.0,45.0,2735.0,549.0,4124.0,0.0,0.0
37500.0,153.0,1.0,12.0,36.0,2831.0,632.0,4310.0,0.0,0.0
37600.0,167.0,3.0,30.0,34.0,2940.0,474.0,4179.0,0.0,0.0
37700.0,173.0,5.0,20.0,34.0,2729.0,599.0,4130.0,0.0,0.0
37800.0,181.0,1.0,17.0,30.0,2722.0,657.0,4154.0,0.0,0.0
37900.0,169.0,8.0,17.0,36.0,2755.0,778.0,4341.0,0.0,0.0
38000.0,144.0,3.0,19.0,39.0,2734.0,637.0,4187.0,0.0,0.0
38100.0,164.0,4.0,20.0,29.0,2800.0,584.0,4159.0,0.0,0.0
38200.0,132.0,5.0,30.0,38.0,2803.0,626.0,4238.0,0.0,0.0
38300.0,159.0,4.0,26.0,38.0,2691.0,781.0,4316.0,0.0,0.0
38400.0,152.0,5.0,29.0,36.0,2778.0,648.0,4151.0,0.0,0.0
38500.0,162.0,5.0,15.0,31.0,2879.0,643.0,4229.0,0.0,0.0
38600.0,144.0,6.0,25.0,40.0,2668.0,733.0,4143.0,0.0,0.0
38700.0,150.0,2.0,26.0,23.0,2632.0,797.0,4166.0,0.0,0.0
38800.0,138.0,5.0,34.0,33.0,2519.0,805.0,4027.0,0.0,0.0
38900.0,137.0,7.0,24.0,69.0,2594.0,795.0,4189.0,0.0,0.0
39000.0,168.0,16.0,13.0,44.0,2462.0,857.0,4101.0,0.0,0.0
39100.0,155.0,5.0,19.0,39.0,2754.0,781.0,4306.0,0.0,0.0
39200.0,162.0,8.0,21.0,47.0,2580.0,786.0,4145.0,0.0,0.0
39300.0,169.0,2.0,29.0,46.0,2806.0,723.0,4298.0,0.0,0.0
39400.0,182.0,4.0,28.0,51.0,2557.0,920.0,4198.0,0.0,0.0
39500.0,182.0,3.0,23.0,36.0,2595.0,835.0,4169.0,0.0,0.0
39600.0,188.0,5.0,29.0,36.0,2549.0,933.0,4254.0,0.0,0.0
39700.0,157.0,5.0,39.0,51.0,2640.0,878.0,4249.0,0.0,0.0
39800.0,129.0,3.0,29.0,40.0,2700.0,819.0,4234.0,0.0,0.0
39900.0,154.0,3.0,33.0,25.0,2698.0,775.0,4214.0,0.0,0.0
40000.0,167.0,4.0,28.0,24.0,2616.0,852.0,4209.0,0.0,0.0
40100.0,183.0,5.0,37.0,22.0,2681.0,951.0,4343.0,0.0,0.0
40200.0,181.0,4.0,39.0,18.0,2777.0,881.0,4410.0,0.0,0.0
40300.0,152.0,3.0,15.0,37.0,2668.0,737.0,4210.0,0.0,0.0
40400.0,141.0,3.0,25.0,39.0,2924.0,764.0,4352.0,0.0,0.0
40500.0,161.0,1.0,30.0,37.0,2701.0,699.0,4032.0,0.0,0.0
40600.0,165.0,3.0,23.0,29.0,2769.0,651.0,4077.0,0.0,0.0
40700.0,164.0,6.0,23.0,24.0,2750.0,656.0,4078.0,0.0,0.0
40800.0,182.0,1.0,33.0,35.0,2719.0,580.0,4167.0,0.0,0.0
40900.0,160.0,7.0,43.0,24.0,2764.0,544.0,4366.0,0.0,0.0
41000.0,194.0,2.0,30.0,24.0,2582.0,660.0,4181.0,0.0,0.0
41100.0,179.0,5.0,29.0,28.0,2763.0,629.0,4224.0,0.0,0.0
41200.0,158.0,7.0,17.0,24.0,2655.0,755.0,4172.0,0.0,0.0
41300.0,162.0,7.0,33.0,27.0,2729.0,803.0,4208.0,0.0,0.0
41400.0,149.0,6.0,19.0,32.0,2581.0,871.0,4103.0,0.0,0.0
41500.0,161.0,13.0,25.0,25.0,2858.0,622.0,4188.0,0.0,0.0
41600.0,167.0,7.0,17.0,24.0,2969.0,648.0,4307.0,0.0,0.0
41700.0,142.0,0.0,17.0,19.0,2761.0,798.0,4303.0,0.0,0.0
41800.0,147.0,2.0,23.0,17.0,2767.0,777.0,4311.0,0.0,0.0
41900.0,158.0,4.0,14.0,19.0,2652.0,789.0,4165.0,0.0,0.0
42000.0,168.0,2.0,23.0,20.0,2594.0,811.0,4202.0,0.0,0.0
42100.0,158.0,0.0,19.0,26.0,2515.0,896.0,4204.0,0.0,0.0
42200.0,137.0,2.0,19.0,23.0,2679.0,875.0,4315.0,0.0,0.0
42300.0,150.0,3.0,22.0,25.0,2569.0,901.0,4186.0,0.0,0.0
42400.0,151.0,2.0,30.0,32.0,2717.0,796.0,4134.0,0.0,0.0
42500.0,164.0,2.0,25.0,39.0,2644.0,972.0,4288.0,0.0,0.0
42600.0,185.0,2.0,23.0,28.0,2500.0,1102.0,4322.0,0.0,0.0
42700.0,161.0,6.0,33.0,13.0,2539.0,1044.0,4275.0,0.0,0.0
42800.0,173.0,4.0,28.0,22.0,2501.0,1158.0,4350.0,0.0,0.0
42900.0,149.0,6.0,33.0,17.0,2253.0,1312.0,4305.0,0.0,0.0
43000.0,181.0,9.0,29.0,19.0,2072.0,1387.0,4237.0,0.0,0.0
43100.0,192.0,0.0,41.0,20.0,1671.0,1358.0,3996.0,0.0,0.0
43200.0,213.0,4.0,40.0,26.0,1794.0,1598.0,4506.0,0.0,0.0
43300.0,188.0,6.0,36.0,24.0,1630.0,1726.0,4328.0,0.0,0.0
43400.0,191.0,10.0,49.0,22.0,1701.0,1623.0,4269.0,0.0,0.0
43500.0,221.0,3.0,51.0,18.0,1673.0,1685.0,4340.0,0.0,0.0
43600.0,175.0,4.0,34.0,17.0,1601.0,1934.0,4484.0,0.0,0.0
43700.0,186.0,3.0,37.0,16.0,1676.0,1903.0,4351.0,0.0,0.0
43800.0,187.0,3.0,42.0,20.0,1816.0,1841.0,4302.0,0.0,0.0
43900.0,166.0,4.0,41.0,14.0,2040.0,1755.0,4455.0,0.0,0.0
44000.0,180.0,1.0,19.0,19.0,2007.0,1468.0,4187.0,0.0,0.0
44100.0,146.0,5.0,28.0,22.0,1903.0,1641.0,4373.0,0.0,0.0
44200.0,179.0,4.0,46.0,25.0,1938.0,1549.0,4495.0,0.0,0.0
44300.0,191.0,10.0,60.0,22.0,1984.0,1551.0,4556.0,0.0,0.0
44400.0,195.0,6.0,44.0,27.0,2071.0,1671.0,4618.0,0.0,0.0
44500.0,167.0,4.0,43.0,40.0,2070.0,1500.0,4476.0,0.0,0.0
44600.0,166.0,2.0,50.0,23.0,2142.0,1536.0,4363.0,0.0,0.0
44700.0,175.0,3.0,42.0,34.0,2194.0,1593.0,4495.0,0.0,0.0
44800.0,161.0,2.0,42.0,31.0,2115.0,1558.0,4407.0,0.0,0.0
44900.0,184.0,7.0,44.0,26.0,1876.0,1746.0,4479.0,0.0,0.0
45000.0,169.0,5.0,32.0,28.0,1715.0,1747.0,4382.0,0.0,0.0
45100.0,160.0,6.0,34.0,28.0,1719.0,1837.0,4465.0,0.0,0.0
45200.0,149.0,8.0,31.0,51.0,2079.0,1601.0,4350.0,0.0,0.0
45300.0,171.0,12.0,37.0,24.0,1825.0,1746.0,4253.0,0.0,0.0
45400.0,146.0,3.0,34.0,27.0,1895.0,1659.0,4335.0,0.0,0.0
45500.0,146.0,4.0,28.0,21.0,1841.0,1775.0,4318.0,0.0,0.0
45600.0,144.0,5.0,27.0,19.0,1965.0,1671.0,4362.0,0.0,0.0
45700.0,123.0,6.0,27.0,24.0,1976.0,1729.0,4374.0,0.0,0.0
45800.0,165.0,14.0,23.0,28.0,1907.0,1833.0,4468.0,0.0,0.0
45900.0,155.0,8.0,50.0,40.0,1639.0,2051.0,4388.0,0.0,0.0
46000.0,172.0,12.0,30.0,36.0,1806.0,1997.0,4569.0,0.0,0.0
46100.0,167.0,7.0,20.0,30.0,1706.0,1974.0,4485.0,0.0,0.0
46200.0,155.0,4.0,29.0,44.0,1504.0,2111.0,4413.0,0.0,0.0
46300.0,158.0,8.0,22.0,19.0,1718.0,2035.0,4491.0,0.0,0.0
46400.0,168.0,7.0,37.0,28.0,1760.0,1984.0,4514.0,0.0,0.0
46500.0,162.0,9.0,32.0,21.0,1744.0,2043.0,4548.0,0.0,0.0
46600.0,150.0,2.0,22.0,28.0,1973.0,1892.0,4546.0,0.0,0.0
46700.0,181.0,4.0,37.0,29.0,1757.0,1799.0,4280.0,0.0,0.0
46800.0,170.0,9.0,36.0,34.0,1740.0,1776.0,4205.0,0.0,0.0
46900.0,176.0,3.0,30.0,24.0,1562.0,2183.0,4499.0,1.0,0.0
47000.0,177.0,5.0,32.0,15.0,1843.0,1919.0,4442.0,0.0,0.0
47100.0,185.0,7.0,35.0,20.0,1646.0,1959.0,4328.0,0.0,0.0
47200.0,147.0,3.0,31.0,27.0,1971.0,1741.0,4506.0,0.0,0.0
47300.0,193.0,2.0,30.0,22.0,1699.0,2062.0,4469.0,0.0,0.0
47400.0,157.0,3.0,22.0,30.0,1644.0,2038.0,4410.0,0.0,0.0
47500.0,178.0,11.0,32.0,22.0,1732.0,1726.0,4144.0,0.0,0.0
47600.0,206.0,8.0,26.0,31.0,1599.0,2124.0,4358.0,0.0,0.0
47700.0,172.0,6.0,24.0,26.0,1804.0,1969.0,4370.0,0.0,0.0
47800.0,155.0,4.0,36.0,17.0,1966.0,1783.0,4511.0,0.0,0.0
47900.0,177.0,7.0,29.0,33.0,2078.0,1529.0,4377.0,0.0,0.0
48000.0,169.0,12.0,33.0,14.0,1938.0,1689.0,4244.0,0.0,0.0
48100.0,187.0,5.0,29.0,23.0,1933.0,1807.0,4400.0,0.0,0.0
48200.0,179.0,18.0,31.0,25.0,1784.0,1809.0,4241.0,0.0,0.0
48300.0,161.0,3.0,35.0,26.0,1859.0,1656.0,4208.0,0.0,0.0
48400.0,176.0,4.0,27.0,21.0,1831.0,1929.0,4441.0,0.0,0.0
48500.0,195.0,8.0,20.0,21.0,1934.0,1757.0,4401.0,0.0,0.0
48600.0,163.0,3.0,33.0,30.0,1878.0,1757.0,4261.0,0.0,0.0
48700.0,165.0,3.0,30.0,18.0,2040.0,1585.0,4288.0,0.0,0.0
48800.0,166.0,5.0,22.0,14.0,2036.0,1526.0,4250.0,0.0,0.0
48900.0,194.0,4.0,27.0,25.0,2184.0,1499.0,4378.0,0.0,0.0
49000.0,139.0,9.0,25.0,30.0,2168.0,1520.0,4389.0,0.0,0.0
49100.0,173.0,7.0,20.0,30.0,2102.0,1575.0,4378.0,0.0,0.0
49200.0,175.0,2.0,27.0,24.0,1926.0,1697.0,4384.0,0.0,0.0
49300.0,169.0,3.0,30.0,25.0,1751.0,1697.0,4326.0,0.0,0.0
49400.0,238.0,7.0,38.0,28.0,1707.0,1921.0,4611.0,0.0,0.0
49500.0,206.0,6.0,38.0,30.0,1588.0,1946.0,4435.0,0.0,0.0
49600.0,206.0,6.0,46.0,22.0,1602.0,1852.0,4244.0,0.0,0.0
49700.0,173.0,4.0,30.0,24.0,1711.0,1802.0,4321.0,0.0,0.0
49800.0,183.0,7.0,31.0,21.0,1686.0,1863.0,4452.0,0.0,0.0
49900.0,200.0,3.0,65.0,29.0,1808.0,1994.0,4691.0,0.0,0.0
50000.0,195.0,4.0,47.0,28.0,1616.0,2062.0,4389.0,0.0,0.0
50100.0,168.0,5.0,33.0,14.0,1736.0,1869.0,4348.0,0.0,0.0
50200.0,194.0,1.0,36.0,17.0,1811.0,2133.0,4605.0,0.0,0.0
50300.0,153.0,4.0,31.0,24.0,1819.0,1938.0,4457.0,0.0,0.0
50400.0,185.0,2.0,32.0,16.0,1801.0,1824.0,4385.0,0.0,0.0
50500.0,155.0,1.0,24.0,11.0,1888.0,1803.0,4365.0,0.0,0.0
50600.0,161.0,8.0,23.0,18.0,1972.0,1662.0,4284.0,0.0,0.0
50700.0,168.0,2.0,32.0,24.0,1925.0,1816.0,4369.0,0.0,0.0
50800.0,150.0,2.0,24.0,17.0,2152.0,1657.0,4453.0,0.0,0.0
50900.0,137.0,1.0,23.0,29.0,1855.0,1844.0,4386.0,0.0,0.0
51000.0,182.0,2.0,33.0,21.0,1867.0,1911.0,4548.0,0.0,0.0
51100.0,162.0,2.0,31.0,25.0,2056.0,1744.0,4477.0,0.0,0.0
51200.0,177.0,5.0,26.0,23.0,1759.0,1987.0,4471.0,0.0,0.0
51300.0,157.0,3.0,35.0,23.0,2011.0,1876.0,4571.0,0.0,0.0
51400.0,161.0,0.0,29.0,19.0,2051.0,1794.0,4649.0,0.0,0.0
51500.0,132.0,3.0,28.0,22.0,1986.0,1680.0,4346.0,0.0,0.0
51600.0,146.0,8.0,34.0,20.0,2070.0,1777.0,4489.0,0.0,0.0
51700.0,173.0,11.0,27.0,20.0,1817.0,1727.0,4400.0,1.0,0.0
51800.0,231.0,2.0,63.0,23.0,1919.0,1879.0,4825.0,0.0,0.0
51900.0,206.0,1.0,55.0,21.0,1897.0,1997.0,4861.0,0.0,0.0
52000.0,200.0,2.0,49.0,28.0,1897.0,1730.0,4506.0,0.0,0.0
52100.0,195.0,4.0,60.0,19.0,2007.0,1668.0,4615.0,0.0,0.0
52200.0,187.0,4.0,34.0,22.0,1772.0,1994.0,4723.0,0.0,0.0
52300.0,153.0,1.0,40.0,21.0,1817.0,2031.0,4674.0,0.0,0.0
52400.0,194.0,2.0,47.0,28.0,1766.0,1894.0,4566.0,0.0,0.0
52500.0,202.0,5.0,61.0,15.0,1930.0,1809.0,4611.0,0.0,0.0
52600.0,195.0,2.0,60.0,26.0,1959.0,1908.0,4667.0,0.0,0.0
52700.0,175.0,1.0,31.0,26.0,2010.0,1811.0,4618.0,0.0,0.0
52800.0,147.0,4.0,27.0,28.0,2095.0,1784.0,4540.0,0.0,0.0
52900.0,157.0,2.0,33.0,30.0,2104.0,1879.0,4641.0,0.0,0.0
53000.0,173.0,1.0,40.0,32.0,2127.0,1815.0,4643.0,0.0,0.0
53100.0,178.0,2.0,34.0,26.0,2146.0,1905.0,4758.0,0.0,0.0
53200.0,193.0,4.0,27.0,18.0,2326.0,1662.0,4709.0,0.0,0.0
53300.0,167.0,3.0,29.0,22.0,2180.0,1579.0,4487.0,0.0,0.0
53400.0,171.0,3.0,33.0,25.0,2146.0,1788.0,4720.0,0.0,0.0
53500.0,154.0,5.0,43.0,29.0,2119.0,1738.0,4579.0,0.0,0.0
53600.0,193.0,1.0,36.0,25.0,2357.0,1315.0,4546.0,0.0,0.0
53700.0,204.0,2.0,33.0,44.0,2270.0,1561.0,4928.0,0.0,0.0
53800.0,224.0,1.0,61.0,34.0,2109.0,1641.0,4773.0,0.0,0.0
53900.0,222.0,4.0,58.0,34.0,2233.0,1540.0,4828.0,0.0,0.0
54000.0,248.0,3.0,40.0,26.0,2221.0,1491.0,4787.0,0.0,0.0
54100.0,211.0,4.0,46.0,16.0,2339.0,1468.0,4827.0,0.0,0.0
54200.0,210.0,3.0,43.0,16.0,2180.0,1573.0,4742.0,0.0,0.0
54300.0,192.0,0.0,33.0,22.0,2147.0,1531.0,4728.0,0.0,0.0
54400.0,223.0,4.0,42.0,31.0,2155.0,1475.0,4553.0,0.0,0.0
54500.0,255.0,5.0,38.0,32.0,2044.0,1660.0,4658.0,0.0,0.0
54600.0,197.0,10.0,35.0,25.0,2135.0,1578.0,4685.0,0.0,0.0
54700.0,214.0,1.0,41.0,19.0,2201.0,1455.0,4574.0,0.0,0.0
54800.0,211.0,3.0,38.0,32.0,2138.0,1518.0,4618.0,0.0,0.0
54900.0,212.0,4.0,50.0,17.0,2171.0,1486.0,4562.0,0.0,0.0
55000.0,183.0,4.0,36.0,23.0,2261.0,1480.0,4623.0,0.0,0.0
55100.0,194.0,2.0,38.0,35.0,2324.0,1310.0,4562.0,0.0,0.0
55200.0,185.0,4.0,33.0,46.0,2167.0,1585.0,4584.0,0.0,0.0
55300.0,182.0,3.0,28.0,33.0,2308.0,1339.0,4528.0,0.0,0.0
55400.0,163.0,6.0,26.0,27.0,2127.0,1510.0,4436.0,0.0,0.0
55500.0,180.0,7.0,30.0,53.0,2112.0,1573.0,4543.0,0.0,0.0
55600.0,174.0,6.0,36.0,42.0,2107.0,1527.0,4468.0,0.0,0.0
55700.0,155.0,4.0,26.0,41.0,2280.0,1545.0,4598.0,0.0,0.0
55800.0,198.0,14.0,23.0,57.0,2244.0,1518.0,4533.0,0.0,0.0
55900.0,167.0,5.0,26.0,64.0,2079.0,1599.0,4372.0,0.0,0.0
56000.0,149.0,7.0,26.0,50.0,2273.0,1408.0,4397.0,0.0,0.0
56100.0,152.0,8.0,27.0,39.0,2297.0,1521.0,4601.0,0.0,0.0
56200.0,160.0,9.0,36.0,30.0,2315.0,1489.0,4453.0,0.0,0.0
56300.0,169.0,6.0,37.0,20.0,2010.0,1638.0,4400.0,0.0,0.0
56400.0,150.0,1.0,33.0,18.0,2154.0,1662.0,4465.0,0.0,0.0
56500.0,156.0,2.0,33.0,23.0,1958.0,1790.0,4491.0,0.0,0.0
56600.0,172.0,6.0,47.0,24.0,2130.0,1741.0,4585.0,0.0,0.0
56700.0,172.0,1.0,32.0,26.0,2053.0,1676.0,4426.0,0.0,0.0
56800.0,155.0,0.0,39.0,17.0,1953.0,1926.0,4628.0,0.0,0.0
56900.0,178.0,2.0,37.0,20.0,2074.0,1878.0,4644.0,0.0,0.0
57000.0,158.0,1.0,34.0,22.0,1887.0,2002.0,4608.0,0.0,0.0
57100.0,132.0,3.0,36.0,25.0,2154.0,1824.0,4705.0,0.0,0.0
57200.0,150.0,6.0,22.0,18.0,2016.0,1852.0,4578.0,0.0,0.0
57300.0,164.0,4.0,30.0,15.0,2081.0,1746.0,4498.0,0.0,0.0
57400.0,163.0,0.0,27.0,6.0,2187.0,1833.0,4767.0,0.0,0.0
57500.0,168.0,3.0,29.0,19.0,2224.0,1677.0,4655.0,0.0,0.0
57600.0,165.0,2.0,22.0,22.0,2292.0,1753.0,4639.0,0.0,0.0
57700.0,138.0,9.0,35.0,12.0,2097.0,1700.0,4535.0,0.0,0.0
57800.0,133.0,2.0,20.0,10.0,2291.0,1646.0,4574.0,0.0,0.0
57900.0,142.0,1.0,32.0,16.0,2397.0,1439.0,4524.0,0.0,0.0
58000.0,150.0,4.0,35.0,24.0,2525.0,1402.0,4609.0,0.0,0.0
58100.0,160.0,3.0,33.0,29.0,2363.0,1495.0,4588.0,0.0,0.0
58200.0,163.0,0.0,17.0,21.0,2521.0,1439.0,4721.0,0.0,0.0
58300.0,154.0,0.0,29.0,20.0,2609.0,1286.0,4475.0,0.0,0.0
58400.0,151.0,5.0,24.0,20.0,2470.0,1155.0,4338.0,0.0,0.0
58500.0,125.0,4.0,24.0,20.0,2778.0,1248.0,4764.0,0.0,0.0
58600.0,163.0,2.0,29.0,23.0,2406.0,1399.0,4520.0,0.0,0.0
58700.0,164.0,1.0,25.0,18.0,2403.0,1360.0,4454.0,0.0,0.0
58800.0,148.0,2.0,27.0,15.0,2692.0,1254.0,4741.0,0.0,0.0
58900.0,147.0,4.0,28.0,21.0,2272.0,1231.0,4396.0,0.0,0.0
59000.0,167.0,1.0,24.0,22.0,2556.0,1050.0,4624.0,0.0,0.0
59100.0,173.0,3.0,39.0,17.0,2596.0,1191.0,4845.0,0.0,0.0
59200.0,190.0,2.0,44.0,24.0,2123.0,1402.0,4541.0,0.0,0.0
59300.0,206.0,6.0,41.0,18.0,2255.0,1419.0,4659.0,0.0,0.0
59400.0,147.0,2.0,34.0,18.0,2552.0,1311.0,4865.0,0.0,0.0
59500.0,186.0,6.0,50.0,13.0,2375.0,1299.0,4596.0,0.0,0.0
59600.0,160.0,6.0,38.0,23.0,2664.0,1251.0,4735.0,0.0,0.0
59700.0,133.0,2.0,47.0,17.0,2602.0,1135.0,4546.0,0.0,0.0
59800.0,146.0,2.0,25.0,16.0,2263.0,1311.0,4455.0,0.0,0.0
59900.0,193.0,7.0,31.0,30.0,2442.0,1343.0,4722.0,0.0,0.0
60000.0,141.0,1.0,24.0,31.0,2422.0,1411.0,4718.0,0.0,0.0
60100.0,134.0,1.0,30.0,23.0,2477.0,1352.0,4570.0,0.0,0.0
60200.0,163.0,2.0,21.0,28.0,2819.0,1151.0,4671.0,0.0,0.0
60300.0,137.0,3.0,34.0,16.0,2552.0,1371.0,4767.0,0.0,0.0
60400.0,153.0,6.0,24.0,24.0,2593.0,1194.0,4712.0,0.0,0.0
60500.0,181.0,2.0,34.0,27.0,2718.0,1059.0,4808.0,0.0,0.0
60600.0,180.0,3.0,46.0,26.0,2708.0,1138.0,4839.0,0.0,0.0
60700.0,205.0,3.0,52.0,19.0,2706.0,1074.0,4753.0,0.0,0.0
60800.0,182.0,5.0,40.0,24.0,2812.0,1061.0,4825.0,0.0,0.0
60900.0,174.0,7.0,47.0,29.0,2688.0,1179.0,4875.0,0.0,0.0
61000.0,191.0,4.0,42.0,21.0,2784.0,1203.0,5028.0,0.0,0.0
61100.0,174.0,5.0,37.0,22.0,2865.0,974.0,4874.0,0.0,0.0
61200.0,170.0,5.0,43.0,17.0,2907.0,823.0,4766.0,0.0,0.0
61300.0,199.0,2.0,44.0,20.0,2660.0,938.0,4619.0,0.0,0.0
61400.0,231.0,2.0,47.0,42.0,2689.0,835.0,4596.0,0.0,0.0
61500.0,182.0,7.0,38.0,32.0,2771.0,911.0,4832.0,0.0,0.0
61600.0,195.0,9.0,44.0,26.0,2844.0,880.0,4835.0,0.0,0.0
61700.0,177.0,8.0,36.0,30.0,2722.0,821.0,4669.0,0.0,0.0
61800.0,176.0,7.0,52.0,28.0,2652.0,889.0,4581.0,0.0,0.0
61900.0,194.0,11.0,51.0,34.0,2655.0,927.0,4709.0,0.0,0.0
62000.0,181.0,2.0,41.0,17.0,2631.0,970.0,4676.0,0.0,0.0
62100.0,203.0,4.0,52.0,25.0,2775.0,980.0,4886.0,0.0,0.0
62200.0,167.0,2.0,31.0,21.0,2575.0,881.0,4512.0,0.0,0.0
62300.0,180.0,3.0,58.0,21.0,2602.0,813.0,4559.0,0.0,0.0
62400.0,164.0,4.0,43.0,40.0,2546.0,922.0,4567.0,0.0,0.0
62500.0,203.0,5.0,54.0,25.0,2478.0,1036.0,4705.0,0.0,0.0
62600.0,205.0,6.0,49.0,24.0,2228.0,1117.0,4552.0,0.0,0.0
62700.0,197.0,3.0,40.0,25.0,2190.0,971.0,4289.0,0.0,0.0
62800.0,189.0,2.0,32.0,33.0,2415.0,882.0,4475.0,0.0,0.0
62900.0,168.0,4.0,55.0,36.0,2447.0,746.0,4331.0,0.0,0.0
63000.0,176.0,3.0,36.0,24.0,2676.0,736.0,4579.0,0.0,0.0
63100.0,189.0,4.0,27.0,21.0,2656.0,778.0,4520.0,0.0,0.0
63200.0,185.0,4.0,33.0,26.0,2477.0,830.0,4463.0,0.0,0.0
63300.0,177.0,4.0,28.0,21.0,2632.0,806.0,4584.0,0.0,0.0
63400.0,180.0,4.0,28.0,31.0,2740.0,755.0,4607.0,0.0,0.0
63500.0,176.0,6.0,39.0,21.0,2770.0,631.0,4522.0,0.0,0.0
63600.0,187.0,7.0,33.0,22.0,2710.0,713.0,4573.0,0.0,0.0
63700.0,174.0,3.0,36.0,17.0,2646.0,671.0,4425.0,0.0,0.0
63800.0,218.0,3.0,38.0,25.0,2640.0,616.0,4345.0,0.0,0.0
63900.0,226.0,7.0,48.0,22.0,2664.0,743.0,4513.0,0.0,0.0
64000.0,193.0,4.0,55.0,22.0,2649.0,893.0,4732.0,0.0,0.0
64100.0,170.0,0.0,43.0,19.0,2549.0,958.0,4583.0,0.0,0.0
64200.0,206.0,3.0,58.0,13.0,2521.0,973.0,4660.0,0.0,0.0
64300.0,198.0,7.0,38.0,12.0,2789.0,756.0,4657.0,0.0,0.0
64400.0,211.0,9.0,39.0,30.0,2609.0,764.0,4489.0,0.0,0.0
64500.0,185.0,6.0,42.0,23.0,2624.0,831.0,4619.0,0.0,0.0
64600.0,192.0,11.0,27.0,25.0,2746.0,825.0,4679.0,0.0,0.0
64700.0,221.0,6.0,26.0,19.0,2720.0,844.0,4686.0,0.0,0.0
64800.0,203.0,2.0,50.0,25.0,2701.0,798.0,4519.0,0.0,0.0
64900.0,234.0,6.0,28.0,18.0,2533.0,769.0,4323.0,0.0,0.0
65000.0,195.0,1.0,21.0,20.0,2646.0,669.0,4495.0,0.0,0.0
65100.0,189.0,8.0,40.0,34.0,2701.0,658.0,4506.0,0.0,0.0
65200.0,179.0,5.0,30.0,28.0,2831.0,609.0,4502.0,0.0,0.0
65300.0,194.0,2.0,36.0,20.0,2776.0,710.0,4627.0,0.0,0.0
65400.0,183.0,6.0,36.0,26.0,2686.0,773.0,4578.0,0.0,0.0
65500.0,178.0,3.0,37.0,21.0,2669.0,614.0,4442.0,0.0,0.0
65600.0,188.0,6.0,37.0,26.0,2770.0,689.0,4568.0,0.0,0.0
65700.0,175.0,6.0,34.0,33.0,2574.0,775.0,4470.0,0.0,0.0
65800.0,217.0,3.0,43.0,29.0,2460.0,781.0,4359.0,0.0,0.0
65900.0,196.0,5.0,42.0,21.0,2591.0,858.0,4555.0,0.0,0.0
66000.0,219.0,15.0,32.0,19.0,2641.0,886.0,4576.0,0.0,0.0
66100.0,190.0,6.0,35.0,28.0,2675.0,892.0,4626.0,0.0,0.0
66200.0,206.0,2.0,30.0,21.0,2701.0,654.0,4395.0,0.0,0.0
66300.0,179.0,4.0,32.0,16.0,2761.0,658.0,4486.0,0.0,0.0
66400.0,202.0,2.0,33.0,16.0,2485.0,864.0,4392.0,0.0,0.0
66500.0,208.0,2.0,46.0,21.0,2569.0,874.0,4535.0,0.0,0.0
66600.0,195.0,6.0,33.0,32.0,2484.0,876.0,4426.0,0.0,0.0
66700.0,167.0,8.0,37.0,27.0,2377.0,1028.0,4524.0,0.0,0.0
66800.0,197.0,3.0,40.0,19.0,2381.0,1045.0,4544.0,0.0,0.0
66900.0,194.0,3.0,35.0,31.0,2383.0,1066.0,4589.0,0.0,0.0
67000.0,187.0,5.0,33.0,21.0,2237.0,1099.0,4489.0,0.0,0.0
67100.0,196.0,2.0,45.0,29.0,2359.0,1004.0,4430.0,0.0,0.0
67200.0,225.0,2.0,36.0,26.0,2471.0,1041.0,4633.0,0.0,0.0
67300.0,208.0,3.0,57.0,26.0,2272.0,1275.0,4679.0,0.0,0.0
67400.0,184.0,9.0,38.0,16.0,2060.0,1204.0,4378.0,0.0,0.0
67500.0,199.0,3.0,26.0,32.0,1871.0,1315.0,4260.0,0.0,0.0
67600.0,200.0,6.0,33.0,25.0,1962.0,1246.0,4325.0,0.0,0.0
67700.0,202.0,3.0,61.0,26.0,1939.0,1329.0,4306.0,0.0,0.0
67800.0,205.0,8.0,58.0,22.0,1742.0,1382.0,4257.0,0.0,0.0
67900.0,201.0,5.0,41.0,41.0,1720.0,1482.0,4342.0,0.0,0.0
68000.0,207.0,8.0,30.0,32.0,1891.0,1312.0,4324.0,0.0,0.0
68100.0,201.0,6.0,32.0,20.0,1764.0,1422.0,4324.0,0.0,0.0
68200.0,204.0,5.0,50.0,24.0,1930.0,1303.0,4425.0,0.0,0.0
68300.0,194.0,3.0,37.0,20.0,1822.0,1361.0,4302.0,0.0,0.0
68400.0,214.0,7.0,45.0,33.0,2013.0,1278.0,4357.0,0.0,0.0
68500.0,199.0,3.0,32.0,33.0,1898.0,1345.0,4365.0,0.0,0.0
68600.0,155.0,14.0,39.0,25.0,2115.0,1305.0,4609.0,0.0,0.0
68700.0,182.0,5.0,35.0,26.0,1884.0,1296.0,4320.0,0.0,0.0
68800.0,199.0,12.0,51.0,29.0,1785.0,1263.0,4180.0,0.0,0.0
68900.0,195.0,6.0,69.0,37.0,1901.0,1277.0,4323.0,0.0,0.0
69000.0,173.0,3.0,75.0,25.0,2002.0,1286.0,4383.0,0.0,0.0
69100.0,200.0,2.0,40.0,31.0,1861.0,1380.0,4323.0,0.0,0.0
69200.0,171.0,5.0,44.0,25.0,1891.0,1304.0,4299.0,0.0,0.0
69300.0,180.0,2.0,46.0,33.0,1835.0,1374.0,4310.0,0.0,0.0
69400.0,181.0,5.0,48.0,30.0,1801.0,1292.0,4177.0,0.0,0.0
69500.0,194.0,3.0,50.0,19.0,1688.0,1416.0,4242.0,0.0,0.0
69600.0,201.0,5.0,63.0,30.0,1667.0,1519.0,4303.0,0.0,0.0
69700.0,192.0,5.0,45.0,25.0,1621.0,1399.0,4167.0,0.0,0.0
69800.0,172.0,8.0,71.0,34.0,1608.0,1484.0,4287.0,0.0,0.0
69900.0,175.0,1.0,59.0,26.0,1811.0,1382.0,4327.0,0.0,0.0
70000.0,185.0,3.0,57.0,21.0,1874.0,1298.0,4326.0,0.0,0.0
70100.0,171.0,7.0,54.0,23.0,1929.0,1243.0,4275.0,0.0,0.0
70200.0,181.0,3.0,46.0,39.0,1941.0,1323.0,4395.0,0.0,0.0
70300.0,198.0,1.0,48.0,32.0,1860.0,1327.0,4381.0,0.0,0.0
70400.0,207.0,7.0,60.0,30.0,1840.0,1207.0,4119.0,0.0,0.0
70500.0,184.0,4.0,37.0,38.0,1957.0,1332.0,4426.0,0.0,0.0
70600.0,222.0,1.0,46.0,32.0,2028.0,1280.0,4329.0,0.0,0.0
70700.0,211.0,1.0,36.0,25.0,2022.0,1223.0,4374.0,0.0,0.0
70800.0,179.0,2.0,50.0,21.0,2145.0,1223.0,4372.0,0.0,0.0
70900.0,213.0,0.0,43.0,32.0,1993.0,1312.0,4374.0,0.0,0.0
71000.0,180.0,3.0,32.0,18.0,1975.0,1278.0,4398.0,0.0,0.0
71100.0,173.0,7.0,51.0,25.0,2005.0,1483.0,4588.0,0.0,0.0
71200.0,185.0,7.0,58.0,38.0,1921.0,1422.0,4398.0,0.0,0.0
71300.0,162.0,11.0,55.0,22.0,2115.0,1351.0,4463.0,0.0,0.0
71400.0,159.0,6.0,42.0,41.0,1991.0,1381.0,4468.0,0.0,0.0
71500.0,212.0,6.0,47.0,25.0,1908.0,1309.0,4343.0,0.0,0.0
71600.0,198.0,4.0,44.0,27.0,1953.0,1253.0,4272.0,0.0,0.0
71700.0,190.0,2.0,56.0,23.0,1895.0,1430.0,4436.0,0.0,0.0
71800.0,209.0,4.0,60.0,36.0,1728.0,1311.0,4257.0,0.0,0.0
71900.0,188.0,10.0,47.0,40.0,1888.0,1316.0,4320.0,0.0,0.0
72000.0,187.0,5.0,41.0,16.0,2039.0,1414.0,4604.0,0.0,0.0
72100.0,152.0,4.0,44.0,20.0,2059.0,1272.0,4419.0,0.0,0.0
72200.0,177.0,6.0,48.0,19.0,2139.0,1291.0,4564.0,0.0,0.0
72300.0,175.0,1.0,49.0,37.0,2220.0,1423.0,4785.0,0.0,0.0
72400.0,182.0,4.0,38.0,38.0,2200.0,1144.0,4498.0,0.0,0.0
72500.0,188.0,3.0,26.0,31.0,2433.0,1043.0,4632.0,0.0,0.0
72600.0,192.0,7.0,34.0,35.0,2395.0,1043.0,4514.0,0.0,0.0
72700.0,187.0,5.0,44.0,27.0,2420.0,1024.0,4554.0,0.0,0.0
72800.0,197.0,9.0,38.0,29.0,2547.0,919.0,4563.0,0.0,0.0
72900.0,185.0,7.0,15.0,25.0,2581.0,832.0,4524.0,0.0,0.0
73000.0,161.0,7.0,28.0,24.0,2893.0,581.0,4583.0,0.0,0.0
73100.0,168.0,10.0,26.0,26.0,2982.0,547.0,4633.0,0.0,0.0
73200.0,146.0,4.0,30.0,22.0,2924.0,550.0,4553.0,0.0,0.0
73300.0,148.0,5.0,32.0,36.0,2973.0,534.0,4623.0,0.0,0.0
73400.0,207.0,7.0,48.0,39.0,2829.0,554.0,4477.0,0.0,0.0
73500.0,163.0,4.0,28.0,30.0,3055.0,543.0,4733.0,0.0,0.0
73600.0,177.0,3.0,26.0,23.0,2906.0,490.0,4551.0,0.0,0.0
73700.0,163.0,5.0,38.0,18.0,2894.0,545.0,4548.0,0.0,0.0
73800.0,164.0,8.0,31.0,30.0,3076.0,510.0,4608.0,0.0,0.0
73900.0,156.0,2.0,41.0,31.0,3085.0,371.0,4584.0,0.0,0.0
74000.0,174.0,10.0,33.0,34.0,3072.0,315.0,4480.0,0.0,0.0
74100.0,169.0,12.0,34.0,22.0,3114.0,414.0,4630.0,0.0,0.0
74200.0,148.0,5.0,47.0,35.0,3030.0,436.0,4610.0,0.0,0.0
74300.0,163.0,6.0,32.0,30.0,2983.0,450.0,4502.0,0.0,0.0
74400.0,164.0,6.0,40.0,18.0,2956.0,626.0,4730.0,0.0,0.0
74500.0,161.0,8.0,41.0,31.0,2904.0,609.0,4610.0,0.0,0.0
74600.0,165.0,7.0,25.0,28.0,2853.0,572.0,4479.0,0.0,0.0
74700.0,169.0,5.0,33.0,26.0,2615.0,673.0,4418.0,0.0,0.0
74800.0,183.0,2.0,36.0,29.0,2889.0,697.0,4638.0,0.0,0.0
74900.0,153.0,2.0,31.0,35.0,2675.0,789.0,4634.0,0.0,0.0
75000.0,173.0,1.0,28.0,32.0,2571.0,733.0,4529.0,0.0,0.0
75100.0,180.0,1.0,44.0,31.0,2556.0,867.0,4475.0,0.0,0.0
75200.0,142.0,2.0,36.0,31.0,2596.0,726.0,4394.0,0.0,0.0
75300.0,160.0,6.0,34.0,33.0,2724.0,733.0,4537.0,0.0,0.0
75400.0,176.0,9.0,43.0,32.0,2598.0,675.0,4452.0,0.0,0.0
75500.0,161.0,4.0,36.0,33.0,2721.0,744.0,4647.0,0.0,0.0
75600.0,158.0,7.0,50.0,43.0,2661.0,658.0,4471.0,0.0,0.0
75700.0,145.0,11.0,35.0,35.0,2668.0,710.0,4524.0,0.0,0.0
75800.0,155.0,12.0,31.0,28.0,2694.0,680.0,4520.0,0.0,0.0
75900.0,165.0,11.0,31.0,31.0,2694.0,744.0,4628.0,0.0,0.0
76000.0,173.0,12.0,34.0,36.0,2751.0,663.0,4624.0,0.0,0.0
76100.0,170.0,10.0,39.0,28.0,2431.0,803.0,4442.0,0.0,0.0
76200.0,162.0,5.0,32.0,30.0,2687.0,686.0,4588.0,0.0,0.0
76300.0,196.0,7.0,28.0,29.0,2620.0,845.0,4690.0,0.0,0.0
76400.0,190.0,4.0,44.0,32.0,2432.0,937.0,4668.0,0.0,0.0
76500.0,158.0,7.0,29.0,29.0,2514.0,797.0,4526.0,0.0,0.0
76600.0,159.0,9.0,42.0,27.0,2383.0,892.0,4504.0,0.0,0.0
76700.0,178.0,3.0,49.0,39.0,2566.0,815.0,4568.0,0.0,0.0
76800.0,164.0,2.0,35.0,32.0,2501.0,777.0,4410.0,0.0,0.0
76900.0,166.0,9.0,37.0,22.0,2384.0,754.0,4278.0,0.0,0.0
77000.0,172.0,8.0,45.0,34.0,2515.0,848.0,4526.0,0.0,0.0
77100.0,132.0,4.0,27.0,33.0,2449.0,783.0,4428.0,0.0,0.0
77200.0,148.0,6.0,24.0,30.0,2529.0,832.0,4549.0,0.0,0.0
77300.0,151.0,3.0,35.0,17.0,2541.0,821.0,4571.0,0.0,0.0
77400.0,162.0,7.0,32.0,26.0,2568.0,743.0,4514.0,0.0,0.0
77500.0,182.0,9.0,39.0,26.0,2551.0,697.0,4446.0,0.0,0.0
77600.0,173.0,4.0,32.0,20.0,2433.0,762.0,4320.0,0.0,0.0
77700.0,160.0,5.0,28.0,21.0,2513.0,687.0,4339.0,0.0,0.0
77800.0,170.0,4.0,34.0,26.0,2650.0,670.0,4593.0,0.0,0.0
77900.0,179.0,7.0,36.0,34.0,2672.0,697.0,4486.0,0.0,0.0
78000.0,146.0,6.0,23.0,42.0,2706.0,733.0,4533.0,0.0,0.0
78100.0,137.0,4.0,27.0,31.0,2679.0,631.0,4448.0,0.0,0.0
78200.0,155.0,4.0,35.0,39.0,2854.0,640.0,4654.0,0.0,0.0
78300.0,137.0,7.0,32.0,36.0,2759.0,714.0,4601.0,0.0,0.0
78400.0,180.0,6.0,28.0,30.0,2755.0,656.0,4546.0,0.0,0.0
78500.0,153.0,4.0,25.0,28.0,2798.0,501.0,4555.0,0.0,0.0
78600.0,164.0,6.0,40.0,35.0,2923.0,555.0,4688.0,0.0,0.0
78700.0,173.0,10.0,43.0,38.0,2952.0,485.0,4567.0,0.0,0.0
78800.0,170.0,1.0,42.0,37.0,2849.0,442.0,4492.0,0.0,0.0
78900.0,140.0,10.0,33.0,26.0,2714.0,513.0,4339.0,0.0,0.0
79000.0,173.0,8.0,25.0,28.0,2904.0,396.0,4565.0,0.0,0.0
79100.0,145.0,11.0,19.0,32.0,2899.0,464.0,4504.0,0.0,0.0
79200.0,186.0,12.0,28.0,36.0,2937.0,645.0,4715.0,0.0,0.0
79300.0,197.0,10.0,43.0,33.0,2753.0,738.0,4723.0,0.0,0.0
79400.0,172.0,8.0,23.0,52.0,2639.0,727.0,4566.0,0.0,0.0
79500.0,172.0,8.0,46.0,30.0,2625.0,772.0,4507.0,0.0,0.0
79600.0,157.0,11.0,25.0,37.0,2730.0,567.0,4528.0,0.0,0.0
79700.0,179.0,7.0,38.0,38.0,2827.0,578.0,4631.0,0.0,0.0
79800.0,182.0,2.0,25.0,41.0,2790.0,719.0,4750.0,0.0,0.0
79900.0,168.0,5.0,19.0,40.0,2759.0,486.0,4422.0,0.0,0.0
80000.0,177.0,10.0,32.0,41.0,2765.0,555.0,4521.0,0.0,0.0
80100.0,151.0,4.0,29.0,42.0,2697.0,612.0,4561.0,0.0,0.0
80200.0,145.0,6.0,22.0,32.0,2815.0,649.0,4629.0,0.0,0.0
80300.0,167.0,4.0,31.0,31.0,2795.0,620.0,4550.0,0.0,0.0
80400.0,160.0,9.0,33.0,27.0,2656.0,618.0,4391.0,0.0,0.0
80500.0,171.0,15.0,30.0,30.0,2871.0,578.0,4687.0,0.0,0.0
80600.0,151.0,10.0,25.0,28.0,2751.0,569.0,4556.0,0.0,0.0
80700.0,172.0,6.0,32.0,29.0,2800.0,621.0,4624.0,0.0,0.0
80800.0,171.0,8.0,35.0,30.0,2858.0,612.0,4686.0,0.0,0.0
80900.0,161.0,5.0,24.0,41.0,2702.0,728.0,4644.0,0.0,0.0
81000.0,158.0,2.0,34.0,41.0,2478.0,808.0,4568.0,0.0,0.0
81100.0,164.0,2.0,24.0,40.0,2417.0,850.0,4423.0,0.0,0.0
81200.0,172.0,10.0,46.0,47.0,2385.0,987.0,4517.0,0.0,0.0
81300.0,169.0,7.0,48.0,40.0,2354.0,1050.0,4627.0,0.0,0.0
81400.0,181.0,6.0,56.0,20.0,2189.0,1248.0,4648.0,0.0,0.0
81500.0,163.0,7.0,49.0,32.0,2355.0,1342.0,4827.0,0.0,0.0
81600.0,170.0,8.0,36.0,30.0,1975.0,1379.0,4458.0,0.0,0.0
81700.0,185.0,11.0,47.0,24.0,2155.0,1350.0,4626.0,0.0,0.0
81800.0,167.0,7.0,49.0,27.0,1920.0,1380.0,4556.0,0.0,0.0
81900.0,182.0,5.0,38.0,27.0,1997.0,1347.0,4539.0,0.0,0.0
82000.0,143.0,3.0,38.0,35.0,1827.0,1494.0,4444.0,0.0,0.0
82100.0,151.0,8.0,52.0,25.0,2009.0,1389.0,4506.0,0.0,0.0
82200.0,171.0,3.0,47.0,30.0,2024.0,1293.0,4520.0,0.0,0.0
82300.0,163.0,8.0,31.0,17.0,2323.0,1203.0,4637.0,0.0,0.0
82400.0,156.0,4.0,34.0,27.0,2248.0,1307.0,4647.0,0.0,0.0
82500.0,175.0,7.0,23.0,32.0,2160.0,1284.0,4475.0,0.0,0.0
82600.0,160.0,8.0,42.0,32.0,2077.0,1331.0,4495.0,0.0,0.0
82700.0,177.0,12.0,39.0,23.0,2202.0,1355.0,4643.0,0.0,0.0
82800.0,194.0,11.0,34.0,22.0,2338.0,1150.0,4504.0,0.0,0.0
82900.0,181.0,21.0,36.0,38.0,2152.0,1288.0,4522.0,0.0,0.0
83000.0,178.0,5.0,38.0,32.0,2225.0,1119.0,4445.0,0.0,0.0
83100.0,184.0,12.0,40.0,30.0,2278.0,1094.0,4474.0,0.0,0.0
83200.0,178.0,2.0,39.0,24.0,2324.0,1118.0,4525.0,0.0,0.0
83300.0,192.0,2.0,39.0,27.0,2221.0,1105.0,4450.0,0.0,0.0
83400.0,180.0,7.0,47.0,28.0,2415.0,1093.0,4681.0,0.0,0.0
83500.0,170.0,4.0,36.0,20.0,2303.0,989.0,4391.0,0.0,0.0
83600.0,175.0,10.0,25.0,24.0,2460.0,920.0,4521.0,0.0,0.0
83700.0,170.0,5.0,59.0,33.0,2408.0,1008.0,4477.0,0.0,0.0
83800.0,180.0,8.0,33.0,36.0,2416.0,1031.0,4613.0,0.0,0.0
83900.0,198.0,11.0,39.0,30.0,2352.0,970.0,4312.0,0.0,0.0
84000.0,209.0,10.0,25.0,27.0,2397.0,901.0,4464.0,0.0,0.0
84100.0,190.0,14.0,36.0,29.0,2558.0,830.0,4419.0,0.0,0.0
84200.0,207.0,12.0,39.0,29.0,2573.0,821.0,4517.0,0.0,0.0
84300.0,175.0,16.0,41.0,30.0,2603.0,870.0,4606.0,0.0,0.0
84400.0,200.0,12.0,44.0,54.0,2585.0,831.0,4565.0,0.0,0.0
84500.0,192.0,20.0,32.0,38.0,2746.0,681.0,4539.0,0.0,0.0
84600.0,174.0,27.0,24.0,31.0,2861.0,595.0,4493.0,0.0,0.0
84700.0,201.0,16.0,49.0,22.0,2571.0,639.0,4290.0,0.0,0.0
84800.0,180.0,8.0,47.0,36.0,2817.0,592.0,4455.0,0.0,0.0
84900.0,175.0,10.0,37.0,28.0,3016.0,444.0,4503.0,0.0,0.0
85000.0,162.0,16.0,29.0,24.0,2929.0,450.0,4548.0,0.0,0.0
85100.0,179.0,15.0,33.0,30.0,2911.0,435.0,4482.0,0.0,0.0
85200.0,166.0,18.0,31.0,27.0,3015.0,383.0,4534.0,0.0,0.0
85300.0,161.0,20.0,26.0,36.0,3058.0,363.0,4516.0,0.0,0.0
85400.0,172.0,18.0,24.0,25.0,2991.0,437.0,4501.0,0.0,0.0
85500.0,177.0,22.0,33.0,19.0,3105.0,499.0,4778.0,0.0,0.0
85600.0,156.0,16.0,22.0,22.0,3044.0,391.0,4463.0,0.0,0.0
85700.0,181.0,20.0,24.0,34.0,2901.0,596.0,4562.0,0.0,0.0
85800.0,194.0,15.0,38.0,17.0,2874.0,528.0,4468.0,0.0,0.0
85900.0,161.0,18.0,30.0,20.0,2980.0,518.0,4741.0,0.0,0.0
86000.0,138.0,13.0,25.0,28.0,2797.0,623.0,4550.0,0.0,0.0
86100.0,178.0,11.0,25.0,23.0,2777.0,653.0,4485.0,0.0,0.0
86200.0,168.0,4.0,34.0,25.0,2796.0,672.0,4513.0,0.0,0.0
86300.0,165.0,6.0,36.0,30.0,2868.0,499.0,4495.0,0.0,0.0
86400.0,190.0,3.0,20.0,20.0,2942.0,492.0,4504.0,0.0,0.0
86500.0,137.0,7.0,35.0,27.0,2898.0,580.0,4567.0,0.0,0.0
86600.0,163.0,5.0,25.0,29.0,2908.0,538.0,4590.0,0.0,0.0
86700.0,162.0,4.0,29.0,24.0,2869.0,647.0,4669.0,0.0,0.0
86800.0,162.0,7.0,32.0,38.0,2832.0,544.0,4531.0,0.0,0.0
86900.0,172.0,9.0,35.0,23.0,2826.0,634.0,4550.0,0.0,0.0
87000.0,148.0,11.0,25.0,42.0,2815.0,535.0,4473.0,0.0,0.0
87100.0,180.0,5.0,35.0,47.0,2834.0,517.0,4490.0,0.0,0.0
87200.0,189.0,2.0,26.0,37.0,3092.0,462.0,4712.0,0.0,0.0
87300.0,149.0,2.0,22.0,35.0,2947.0,424.0,4472.0,0.0,0.0
87400.0,162.0,2.0,31.0,46.0,2926.0,449.0,4548.0,0.0,0.0
87500.0,157.0,0.0,35.0,35.0,2942.0,505.0,4532.0,0.0,0.0
87600.0,154.0,2.0,28.0,39.0,3012.0,420.0,4555.0,0.0,0.0
87700.0,157.0,3.0,23.0,19.0,2778.0,509.0,4397.0,0.0,0.0
87800.0,172.0,6.0,36.0,24.0,2943.0,434.0,4510.0,0.0,0.0
87900.0,155.0,5.0,27.0,18.0,3043.0,403.0,4488.0,0.0,0.0
88000.0,151.0,7.0,26.0,30.0,2743.0,382.0,4153.0,0.0,0.0
88100.0,188.0,1.0,41.0,28.0,2940.0,361.0,4391.0,0.0,0.0
88200.0,156.0,6.0,16.0,34.0,2958.0,333.0,4361.0,0.0,0.0
88300.0,167.0,3.0,26.0,32.0,3115.0,241.0,4415.0,0.0,0.0
88400.0,138.0,8.0,36.0,25.0,2955.0,262.0,4312.0,0.0,0.0
88500.0,148.0,3.0,45.0,26.0,2955.0,248.0,4314.0,0.0,0.0
88600.0,155.0,13.0,38.0,45.0,2917.0,317.0,4260.0,0.0,0.0
88700.0,169.0,5.0,23.0,37.0,2792.0,327.0,4173.0,0.0,0.0
88800.0,170.0,7.0,29.0,37.0,2954.0,325.0,4405.0,0.0,0.0
88900.0,153.0,8.0,32.0,43.0,2852.0,307.0,4328.0,0.0,0.0
89000.0,179.0,2.0,30.0,38.0,3011.0,436.0,4512.0,0.0,0.0
89100.0,166.0,6.0,21.0,32.0,3110.0,375.0,4621.0,0.0,0.0
89200.0,154.0,6.0,36.0,23.0,3031.0,256.0,4304.0,0.0,0.0
89300.0,155.0,10.0,33.0,42.0,3034.0,247.0,4341.0,0.0,0.0
89400.0,157.0,7.0,23.0,38.0,3271.0,207.0,4509.0,0.0,0.0
89500.0,166.0,5.0,29.0,25.0,2935.0,284.0,4298.0,0.0,0.0
89600.0,154.0,6.0,26.0,25.0,3076.0,298.0,4472.0,0.0,0.0
89700.0,140.0,11.0,21.0,28.0,3051.0,208.0,4328.0,0.0,0.0
89800.0,190.0,16.0,21.0,24.0,3074.0,237.0,4399.0,0.0,0.0
89900.0,175.0,42.0,27.0,17.0,3230.0,201.0,4514.0,0.0,0.0
90000.0,183.0,7.0,17.0,23.0,3214.0,217.0,4511.0,0.0,0.0
90100.0,157.0,5.0,17.0,29.0,3196.0,188.0,4523.0,0.0,0.0
90200.0,168.0,7.0,25.0,34.0,3251.0,184.0,4569.0,0.0,0.0
90300.0,174.0,7.0,32.0,23.0,3217.0,278.0,4577.0,0.0,0.0
90400.0,128.0,11.0,19.0,27.0,3233.0,224.0,4502.0,0.0,0.0
90500.0,137.0,9.0,26.0,27.0,3318.0,212.0,4555.0,0.0,0.0
90600.0,165.0,6.0,31.0,30.0,3314.0,169.0,4571.0,0.0,0.0
90700.0,170.0,15.0,35.0,29.0,3170.0,194.0,4350.0,0.0,0.0
90800.0,161.0,6.0,28.0,32.0,3043.0,274.0,4392.0,0.0,0.0
90900.0,176.0,10.0,27.0,26.0,3063.0,241.0,4372.0,0.0,0.0
91000.0,177.0,5.0,22.0,41.0,3068.0,274.0,4438.0,0.0,0.0
91100.0,152.0,4.0,28.0,23.0,2972.0,253.0,4358.0,0.0,0.0
91200.0,179.0,3.0,21.0,19.0,3225.0,266.0,4606.0,0.0,0.0
91300.0,160.0,7.0,30.0,21.0,3167.0,291.0,4564.0,0.0,0.0
91400.0,153.0,9.0,32.0,30.0,3154.0,246.0,4444.0,0.0,0.0
91500.0,182.0,16.0,21.0,21.0,3119.0,227.0,4362.0,0.0,0.0
91600.0,169.0,12.0,24.0,24.0,3076.0,174.0,4352.0,0.0,0.0
91700.0,164.0,6.0,21.0,20.0,3000.0,286.0,4376.0,0.0,0.0
91800.0,187.0,7.0,30.0,16.0,2860.0,375.0,4285.0,0.0,0.0
91900.0,163.0,15.0,25.0,17.0,3047.0,260.0,4391.0,0.0,0.0
92000.0,172.0,12.0,33.0,21.0,3046.0,253.0,4337.0,0.0,0.0
92100.0,155.0,9.0,45.0,21.0,3229.0,267.0,4630.0,0.0,0.0
92200.0,187.0,10.0,25.0,31.0,3246.0,227.0,4653.0,0.0,0.0
92300.0,159.0,1.0,25.0,19.0,3196.0,205.0,4517.0,0.0,0.0
92400.0,152.0,2.0,17.0,23.0,3000.0,319.0,4438.0,0.0,0.0
92500.0,153.0,6.0,25.0,32.0,3043.0,338.0,4416.0,0.0,0.0
92600.0,145.0,18.0,35.0,15.0,3119.0,325.0,4552.0,0.0,0.0
92700.0,148.0,15.0,35.0,23.0,2979.0,398.0,4396.0,0.0,0.0
92800.0,138.0,13.0,25.0,30.0,2807.0,474.0,4386.0,0.0,0.0
92900.0,168.0,9.0,24.0,31.0,2831.0,459.0,4505.0,0.0,0.0
93000.0,180.0,6.0,23.0,20.0,2848.0,428.0,4352.0,0.0,0.0
93100.0,165.0,7.0,30.0,19.0,3076.0,324.0,4496.0,0.0,0.0
93200.0,189.0,12.0,29.0,24.0,2922.0,408.0,4438.0,0.0,0.0
93300.0,155.0,5.0,27.0,23.0,2973.0,479.0,4560.0,0.0,0.0
93400.0,184.0,1.0,28.0,22.0,2893.0,477.0,4465.0,0.0,0.0
93500.0,150.0,7.0,23.0,29.0,2879.0,435.0,4388.0,0.0,0.0
93600.0,159.0,7.0,24.0,24.0,2899.0,456.0,4413.0,0.0,0.0
93700.0,199.0,7.0,26.0,28.0,2781.0,458.0,4298.0,0.0,0.0
93800.0,177.0,4.0,28.0,30.0,2810.0,588.0,4437.0,0.0,0.0
93900.0,172.0,1.0,43.0,32.0,2846.0,673.0,4537.0,0.0,0.0
94000.0,206.0,6.0,42.0,28.0,2753.0,684.0,4544.0,0.0,0.0
94100.0,175.0,9.0,35.0,23.0,2743.0,658.0,4528.0,0.0,0.0
94200.0,196.0,4.0,30.0,32.0,2679.0,719.0,4485.0,0.0,0.0
94300.0,201.0,4.0,31.0,27.0,2713.0,703.0,4487.0,0.0,0.0
94400.0,182.0,6.0,40.0,25.0,2676.0,725.0,4516.0,0.0,0.0
94500.0,180.0,3.0,40.0,26.0,2667.0,699.0,4494.0,0.0,0.0
94600.0,159.0,7.0,37.0,22.0,3036.0,609.0,4697.0,0.0,0.0
94700.0,146.0,4.0,29.0,21.0,2753.0,620.0,4476.0,0.0,0.0
94800.0,163.0,4.0,39.0,29.0,2720.0,702.0,4509.0,0.0,0.0
94900.0,153.0,7.0,24.0,32.0,2701.0,558.0,4430.0,0.0,0.0
95000.0,161.0,5.0,39.0,24.0,2765.0,588.0,4476.0,0.0,0.0
95100.0,167.0,6.0,33.0,29.0,2939.0,558.0,4618.0,0.0,0.0
95200.0,153.0,9.0,43.0,30.0,3109.0,436.0,4749.0,0.0,0.0
95300.0,156.0,10.0,41.0,28.0,3023.0,426.0,4544.0,0.0,0.0
95400.0,143.0,1.0,40.0,22.0,2970.0,442.0,4437.0,0.0,0.0
95500.0,154.0,6.0,29.0,18.0,3070.0,308.0,4453.0,0.0,0.0
95600.0,125.0,2.0,23.0,24.0,3162.0,346.0,4605.0,0.0,0.0
95700.0,173.0,1.0,24.0,31.0,2983.0,465.0,4575.0,0.0,0.0
95800.0,150.0,0.0,40.0,23.0,2925.0,508.0,4484.0,0.0,0.0
95900.0,159.0,3.0,32.0,32.0,2965.0,507.0,4559.0,0.0,0.0
96000.0,155.0,3.0,28.0,30.0,2821.0,583.0,4555.0,0.0,0.0
96100.0,162.0,2.0,42.0,29.0,2793.0,620.0,4503.0,0.0,0.0
96200.0,157.0,3.0,29.0,29.0,2739.0,575.0,4490.0,0.0,0.0
96300.0,162.0,0.0,41.0,34.0,2808.0,495.0,4397.0,0.0,0.0
96400.0,153.0,6.0,31.0,26.0,2862.0,534.0,4460.0,0.0,0.0
96500.0,161.0,0.0,25.0,37.0,2902.0,496.0,4535.0,0.0,0.0
96600.0,139.0,1.0,41.0,36.0,2942.0,432.0,4433.0,0.0,0.0
96700.0,164.0,2.0,38.0,28.0,2876.0,540.0,4458.0,0.0,0.0
96800.0,149.0,0.0,25.0,34.0,2836.0,495.0,4539.0,0.0,0.0
96900.0,158.0,0.0,57.0,23.0,3015.0,455.0,4596.0,0.0,0.0
97000.0,172.0,3.0,47.0,21.0,2839.0,545.0,4581.0,0.0,0.0
97100.0,149.0,4.0,42.0,26.0,2739.0,558.0,4437.0,0.0,0.0
97200.0,141.0,4.0,33.0,25.0,2669.0,756.0,4560.0,0.0,0.0
97300.0,180.0,8.0,20.0,25.0,2476.0,732.0,4386.0,0.0,0.0
97400.0,174.0,10.0,43.0,31.0,2422.0,792.0,4424.0,0.0,0.0
97500.0,159.0,3.0,22.0,26.0,2513.0,829.0,4546.0,0.0,0.0
97600.0,153.0,3.0,56.0,23.0,2483.0,1003.0,4634.0,0.0,0.0
97700.0,166.0,5.0,47.0,19.0,2415.0,1035.0,4638.0,0.0,0.0
97800.0,163.0,2.0,45.0,31.0,2268.0,895.0,4370.0,0.0,0.0
97900.0,163.0,2.0,38.0,23.0,2125.0,999.0,4350.0,0.0,0.0
98000.0,172.0,2.0,33.0,35.0,2167.0,1007.0,4377.0,0.0,0.0
98100.0,195.0,4.0,40.0,28.0,2185.0,1085.0,4408.0,0.0,0.0
98200.0,191.0,2.0,37.0,31.0,2147.0,1004.0,4278.0,0.0,0.0
98300.0,177.0,5.0,32.0,27.0,2239.0,904.0,4363.0,0.0,0.0
98400.0,191.0,6.0,45.0,30.0,2285.0,986.0,4390.0,0.0,0.0
98500.0,187.0,11.0,34.0,22.0,2277.0,1072.0,4485.0,0.0,0.0
98600.0,205.0,6.0,38.0,38.0,2417.0,956.0,4449.0,0.0,0.0
98700.0,158.0,7.0,48.0,21.0,2461.0,930.0,4501.0,0.0,0.0
98800.0,176.0,8.0,58.0,20.0,2265.0,931.0,4267.0,0.0,0.0
98900.0,150.0,5.0,45.0,31.0,2199.0,1030.0,4440.0,0.0,0.0
99000.0,213.0,3.0,35.0,23.0,2538.0,837.0,4597.0,0.0,0.0
99100.0,178.0,10.0,47.0,18.0,2425.0,820.0,4426.0,0.0,0.0
99200.0,201.0,7.0,30.0,28.0,2675.0,708.0,4475.0,0.0,0.0
99300.0,182.0,1.0,32.0,21.0,2672.0,679.0,4530.0,0.0,0.0
99400.0,192.0,9.0,40.0,31.0,2440.0,864.0,4531.0,0.0,0.0
99500.0,164.0,7.0,37.0,30.0,2510.0,856.0,4583.0,0.0,0.0
99600.0,158.0,4.0,31.0,26.0,2476.0,884.0,4480.0,0.0,0.0
99700.0,196.0,8.0,32.0,31.0,2605.0,848.0,4626.0,0.0,0.0
99800.0,199.0,1.0,23.0,15.0,2382.0,893.0,4438.0,0.0,0.0
99900.0,182.0,3.0,36.0,37.0,2464.0,704.0,4357.0,0.0,0.0
100000.0,186.0,15.0,37.0,25.0,2412.0,804.0,4356.0,0.0,0.0
