generation,prey_fitness,predator_fitness,num_alive_end,avg_bb_size,var_bb_size,avg_shortest_dist,swarm_density_count,prey_neurons_connected_prey_retina,prey_neurons_connected_predator_retina,predator_neurons_connected_prey_retina,mutual_info
1,62395.000000,37605.000000,14,45743.248930,74953352.731590,795.518633,0.236239,8,5,1,0.005279
1,64580.000000,35420.000000,16,60804.465647,12829595.146664,1025.860774,0.121624,8,5,1,0.004161
2,64724.000000,35276.000000,15,50609.236931,62265014.887132,814.884441,0.193537,8,5,1,0.005197
3,96929.000000,3071.000000,48,64871.521676,1821245.369167,655.045507,0.154932,5,4,1,0.009760
4,66927.000000,33073.000000,20,51554.356803,29463318.657787,787.807155,0.323742,5,4,1,0.002735
5,64715.000000,35285.000000,12,47035.473472,93308799.034632,817.955166,0.274535,5,4,1,0.006786
6,72126.000000,27874.000000,24,51098.381688,36301848.113698,617.849942,0.272592,5,4,1,0.003938
7,94215.000000,5785.000000,47,60047.823296,2137879.353328,610.259665,0.181083,5,4,1,0.003299
8,61136.000000,38864.000000,17,60417.726012,19569825.998011,1014.307903,0.162441,5,4,1,0.003002
9,62649.000000,37351.000000,17,53805.551126,63608404.614403,986.662717,0.096702,5,4,1,0.003211
10,83744.000000,16256.000000,33,213272.392810,2794130914.595101,2335.555806,0.159447,5,4,1,0.013382
11,82729.000000,17271.000000,33,230884.368049,2101381580.321600,2364.805299,0.176022,5,4,1,0.020652
12,86311.000000,13689.000000,35,226964.984563,2006311393.384054,2224.267860,0.161900,5,4,1,0.016804
13,80613.000000,19387.000000,33,224118.374923,2302938348.173621,2440.306600,0.161296,5,4,1,0.016633
14,89560.000000,10440.000000,38,230716.183559,1923974176.295632,2349.147098,0.131766,5,4,1,0.011270
15,89692.000000,10308.000000,41,229319.460312,1927567310.188394,2093.098382,0.169942,5,4,1,0.010221
16,83003.000000,16997.000000,33,226671.233172,2576768899.732228,2566.888530,0.156062,5,4,1,0.017443
17,75558.000000,24442.000000,28,225902.669545,1558024628.186540,2545.202459,0.145960,5,4,1,0.024914
18,74196.000000,25804.000000,28,220585.075513,2133313719.177138,2524.103911,0.161061,5,4,1,0.018406
19,85249.000000,14751.000000,34,226287.470580,1730680981.645073,2573.311138,0.166492,5,4,1,0.016843
20,80636.000000,19364.000000,32,225173.997790,1509046362.466341,2265.534314,0.157893,5,4,2,0.017996
21,79534.000000,20466.000000,31,224434.715098,1914917555.484999,2381.650497,0.188110,5,4,2,0.016545
22,83700.000000,16300.000000,38,223361.983422,1924767986.166679,2266.004016,0.167202,5,4,1,0.016605
23,84037.000000,15963.000000,34,225040.673295,1947485626.514874,2144.134389,0.170208,5,4,1,0.012420
24,86858.000000,13142.000000,36,229968.861147,1956681302.958268,2070.817705,0.180642,5,4,2,0.010256
25,78207.000000,21793.000000,32,220392.241494,2037389839.763525,2559.327060,0.177020,5,4,1,0.022039
26,78085.000000,21915.000000,30,222016.942418,1953210512.345142,2579.181084,0.151434,5,4,1,0.012707
27,83718.000000,16282.000000,33,223047.823749,2330885724.860312,2335.687814,0.164312,5,4,1,0.023805
28,75977.000000,24023.000000,28,223390.061415,1962943899.010830,2596.650173,0.142420,5,4,1,0.018511
29,74126.000000,25874.000000,28,219102.103712,2591528190.708886,2586.427350,0.139449,5,4,1,0.020756
30,87383.000000,12617.000000,39,229790.274808,1867823699.868479,2382.704072,0.136604,5,4,1,0.018863
31,87694.000000,12306.000000,36,231615.327781,1821327315.699586,2336.401559,0.144867,5,4,2,0.009645
32,77336.000000,22664.000000,28,222768.772706,2157804328.641151,2036.852027,0.205743,5,4,1,0.010886
33,77876.000000,22124.000000,31,223292.946646,1904446042.118373,2680.339476,0.161616,5,4,1,0.013611
34,86609.000000,13391.000000,37,223957.534386,2249969279.389853,2116.779665,0.162085,5,4,2,0.022585
35,89358.000000,10642.000000,43,232305.036698,1676604516.274827,1943.411576,0.166564,5,4,2,0.002991
36,86962.000000,13038.000000,38,225088.935098,1690258102.818449,1969.800224,0.168575,5,4,1,0.010543
37,82572.000000,17428.000000,33,223948.729325,2015367599.674788,2173.836059,0.181292,5,4,2,0.022959
38,84483.000000,15517.000000,33,224184.341377,1573099689.173917,2362.488586,0.185084,5,4,1,0.017022
39,77287.000000,22713.000000,32,224321.450487,1698179011.038092,2495.726004,0.163332,5,4,1,0.019469
40,84865.000000,15135.000000,34,219830.696396,2202235881.331927,2069.546918,0.171720,5,4,2,0.009711
41,85411.000000,14589.000000,36,230596.100144,1884443774.613431,2417.245544,0.160448,5,4,2,0.023292
42,84696.000000,15304.000000,37,228859.081078,1964086220.920359,2276.662710,0.152389,5,4,1,0.009020
43,83039.000000,16961.000000,35,226058.256366,1747873683.595157,2356.004412,0.162314,5,4,1,0.016398
44,73527.000000,26473.000000,26,227065.229145,1695050307.115977,3090.680400,0.124482,5,4,1,0.014968
45,83580.000000,16420.000000,36,220383.937086,2347383458.043533,2425.729193,0.128041,5,4,2,0.020219
46,74709.000000,25291.000000,26,229044.199542,1751392725.965930,2785.220147,0.164944,5,4,1,0.022198
47,78586.000000,21414.000000,30,219716.546135,2510093964.688109,2411.050052,0.173857,5,4,1,0.017744
48,86517.000000,13483.000000,36,209383.724319,2453775959.165457,1810.355771,0.217289,5,4,1,0.017710
49,82683.000000,17317.000000,34,224252.419427,2254756175.817513,2555.979312,0.155382,5,4,1,0.023463
50,71807.000000,28193.000000,28,226449.470863,1950104609.572856,3055.568166,0.127690,5,4,1,0.018767
51,80964.000000,19036.000000,33,222981.647181,2172342996.993483,2156.367330,0.161964,5,4,2,0.016008
52,78727.000000,21273.000000,33,227222.138947,1884110981.267118,2121.349273,0.189329,5,4,1,0.011143
53,89364.000000,10636.000000,37,222746.175290,2005918734.037174,1776.601426,0.203972,5,4,1,0.016414
54,82421.000000,17579.000000,35,216309.248447,1672961773.172009,2002.775362,0.176645,5,4,1,0.017898
55,84127.000000,15873.000000,38,227849.885810,2035829390.914431,2203.615553,0.187759,5,4,1,0.024763
56,83229.000000,16771.000000,35,220909.893533,2461317402.837624,2243.687198,0.201183,5,4,1,0.009100
57,87735.000000,12265.000000,38,222589.570240,2324927572.960450,2014.888094,0.162706,5,4,1,0.012600
58,79796.000000,20204.000000,30,226060.329844,1930439899.037066,2402.769017,0.163915,5,4,1,0.011172
59,80137.000000,19863.000000,29,222732.489237,1760643790.080172,2381.129373,0.160079,5,4,1,0.014393
60,83842.000000,16158.000000,34,227013.294469,2121022076.916164,2272.183669,0.183543,5,4,1,0.035058
61,84274.000000,15726.000000,35,222811.212073,2234622142.288878,2241.672918,0.196102,5,4,1,0.016454
62,85121.000000,14879.000000,34,217040.668396,2003475813.186985,2252.327839,0.138724,4,4,1,0.025530
63,83941.000000,16059.000000,33,232120.118257,1712517348.872130,2205.795975,0.187237,4,4,2,0.019933
64,70764.000000,29236.000000,22,221556.634422,2123902859.906850,2860.267938,0.168425,4,4,3,0.016898
65,86772.000000,13228.000000,39,224086.938353,1906409370.585676,2162.203335,0.188565,4,4,1,0.021110
66,83667.000000,16333.000000,33,224959.756905,1879188879.202406,2235.577497,0.141093,4,4,1,0.028251
67,80171.000000,19829.000000,30,229682.055278,2145076132.800727,2174.040531,0.203381,5,6,1,0.011102
68,89073.000000,10927.000000,39,237024.405980,1509250506.758243,2103.836413,0.207288,5,6,1,0.011565
69,87854.000000,12146.000000,35,238026.950918,1311618603.403475,2020.007078,0.220521,5,6,1,0.019736
70,85176.000000,14824.000000,34,235406.589050,1765673651.614741,2273.331739,0.186541,5,6,1,0.012919
71,88809.000000,11191.000000,36,228756.044296,1654515586.357291,2045.466420,0.229578,5,6,1,0.012511
72,90855.000000,9145.000000,41,231093.987317,1916922164.633449,2239.606378,0.242808,5,6,1,0.027465
73,83594.000000,16406.000000,31,235329.002321,1742530433.087504,2352.143423,0.349554,4,5,1,0.016608
74,82140.000000,17860.000000,35,235570.517539,1660485810.603518,2239.243136,0.231658,4,5,2,0.019526
75,81106.000000,18894.000000,35,236836.238152,1535567013.231109,2378.770477,0.232486,4,5,1,0.017590
76,83629.000000,16371.000000,34,236031.055931,1754803695.439567,2258.876110,0.217177,2,4,2,0.028166
77,88384.000000,11616.000000,39,237359.221337,1503438997.894084,2235.862317,0.304795,2,4,2,0.016329
78,81109.000000,18891.000000,35,236317.988735,1591864581.279021,2207.890346,0.247384,2,4,1,0.014369
79,85140.000000,14860.000000,38,234308.864373,1918565944.943033,1914.602837,0.291884,2,4,1,0.020236
80,77782.000000,22218.000000,30,235108.586172,1785608700.139710,2792.883864,0.238838,2,4,2,0.021901
81,75007.000000,24993.000000,24,238026.763720,1431895129.875869,2698.406703,0.256229,2,4,2,0.028754
82,85605.000000,14395.000000,38,238082.280767,1318008526.903759,2244.088096,0.273925,2,4,2,0.020820
83,80981.000000,19019.000000,36,234077.176498,1573083182.350492,2521.812652,0.202534,2,4,2,0.014197
84,80167.000000,19833.000000,26,233359.237122,1973884034.254904,2494.134945,0.268636,2,4,2,0.017635
85,89003.000000,10997.000000,36,236357.841077,1477012714.133730,1760.343194,0.263657,2,4,2,0.020631
86,90208.000000,9792.000000,40,236682.910941,1684227147.472294,1863.292621,0.317723,2,4,3,0.016182
87,84046.000000,15954.000000,30,236645.939478,1462752760.201208,2156.275848,0.216028,2,4,3,0.015025
88,79386.000000,20614.000000,28,234788.559086,1826366252.956639,2198.730188,0.231382,2,4,3,0.018367
89,77165.000000,22835.000000,29,232404.290863,1951231974.651234,2604.902136,0.212563,2,4,2,0.020955
90,73659.000000,26341.000000,26,235861.953027,1293110883.506596,2940.577681,0.217932,2,4,3,0.019248
91,88861.000000,11139.000000,39,238381.097172,1407730630.340625,2073.990293,0.195618,2,4,1,0.010707
92,97078.000000,2922.000000,48,235698.252408,1793111628.801873,1807.351545,0.247676,2,4,2,0.004229
93,86548.000000,13452.000000,37,228191.448246,2193434050.475091,1785.205415,0.272701,2,4,3,0.012124
94,79521.000000,20479.000000,28,231394.054019,2031106686.062595,2401.349969,0.276952,2,4,2,0.031487
95,79940.000000,20060.000000,34,237514.204998,1502516569.293974,2334.088238,0.243295,2,4,1,0.013394
96,78708.000000,21292.000000,24,225438.818613,1516035042.432380,2655.837135,0.292825,2,4,2,0.038007
97,82481.000000,17519.000000,35,237751.163922,1476869536.739809,2265.977105,0.241218,2,4,2,0.018227
98,73902.000000,26098.000000,27,235161.192121,1850902485.040898,2522.106789,0.168773,2,4,2,0.022958
99,81629.000000,18371.000000,32,235287.606216,1776060372.297125,2284.965197,0.227752,2,4,1,0.017492
100,75164.000000,24836.000000,26,234420.814437,1806181147.906462,2613.453823,0.232847,2,4,1,0.020962
101,80289.000000,19711.000000,31,86029.272508,104437930.261798,872.079547,0.277552,2,4,2,0.006055
102,73185.000000,26815.000000,24,87656.015721,103052219.654521,1112.407471,0.239887,2,4,2,0.005701
103,72412.000000,27588.000000,19,70437.752934,102878940.575992,908.957732,0.265518,2,4,2,0.003673
104,76665.000000,23335.000000,24,91372.427789,171500153.727637,1234.160368,0.223122,2,4,1,0.004420
105,74752.000000,25248.000000,25,83981.145551,63539302.118565,1057.881918,0.214318,2,4,3,0.005297
106,66878.000000,33122.000000,16,74054.577626,81472989.279493,1037.393415,0.202389,2,4,1,0.004906
107,68607.000000,31393.000000,21,83437.305481,212937238.499731,1061.372997,0.198520,2,4,2,0.005345
108,72253.000000,27747.000000,26,104328.201580,618348300.694107,1402.187353,0.241896,2,4,4,0.005869
109,73659.000000,26341.000000,24,87555.227927,71658496.139683,1017.674970,0.214479,2,4,2,0.005821
110,71887.000000,28113.000000,23,95091.629429,93160375.715758,1195.701612,0.183940,2,4,1,0.004585
111,65557.000000,34443.000000,18,69808.475846,291753545.474924,1002.435255,0.233200,2,4,3,0.005746
112,73331.000000,26669.000000,21,84004.188035,173712716.666172,1086.190428,0.267883,2,4,1,0.007445
113,86593.000000,13407.000000,39,122517.259909,763724209.784225,1256.020153,0.227081,2,4,1,0.008568
114,73606.000000,26394.000000,24,108696.892997,288748704.147006,1393.651295,0.191969,2,4,1,0.006739
115,68444.000000,31556.000000,21,97406.641603,144757109.791113,1321.530873,0.261242,2,4,3,0.007798
116,85235.000000,14765.000000,35,222577.044076,2867700115.891919,1860.140629,0.302401,1,2,4,0.017716
117,79829.000000,20171.000000,32,228526.876607,2101234324.678131,2026.343241,0.244675,1,2,3,0.019027
118,82532.000000,17468.000000,33,234888.233205,1759884447.108316,2301.097176,0.200844,1,2,1,0.019076
119,73938.000000,26062.000000,27,227806.869991,2161544887.240205,2376.443714,0.225046,1,2,1,0.015974
120,86074.000000,13926.000000,36,234683.106565,1759584439.664685,2010.927659,0.252246,1,2,3,0.021175
121,78737.000000,21263.000000,30,228527.125673,2345061022.493159,2527.802592,0.168352,1,2,1,0.022582
122,74939.000000,25061.000000,23,212469.882249,2566997747.224155,2410.678054,0.213412,1,2,2,0.022129
123,79763.000000,20237.000000,28,230207.826111,1902327364.173118,2181.725871,0.239495,1,2,3,0.021523
124,75686.000000,24314.000000,27,224091.967678,2082846826.701403,2363.988533,0.270746,1,2,2,0.026084
125,73501.000000,26499.000000,23,227318.250043,2563524290.904989,2836.167229,0.178735,1,2,2,0.034331
126,85713.000000,14287.000000,42,228869.228626,2067371794.455622,2004.583980,0.225428,1,2,0,0.002690
127,96807.000000,3193.000000,47,230337.269256,2074268213.853127,1626.299808,0.216731,1,2,1,0.008858
128,75179.000000,24821.000000,26,233257.484025,1810467094.525353,2130.743968,0.272824,1,2,2,0.036437
129,70364.000000,29636.000000,24,222558.590759,2200484423.656761,2630.051486,0.207784,1,2,2,0.020984
130,72416.000000,27584.000000,25,224844.287030,2497480802.897616,2779.052990,0.155816,1,2,1,0.016406
131,78815.000000,21185.000000,29,226666.103829,2195853983.003165,2138.037336,0.275317,1,2,1,0.019303
132,74480.000000,25520.000000,24,220809.449964,2160279756.951514,2382.938093,0.171495,1,2,2,0.025084
133,75319.000000,24681.000000,27,225701.922765,2304969115.976762,2582.271066,0.223348,1,2,1,0.026146
134,69496.000000,30504.000000,19,221071.107146,2057647564.159425,2548.012438,0.167821,1,2,2,0.022487
135,74632.000000,25368.000000,26,229267.756341,2365264888.368776,2534.993674,0.230877,1,2,2,0.030802
136,86485.000000,13515.000000,36,233184.584966,1870083136.131928,2002.718684,0.210655,1,2,2,0.017548
137,75161.000000,24839.000000,23,227258.562638,1881920619.103497,2633.196031,0.207388,1,2,3,0.027638
138,79379.000000,20621.000000,25,222038.051455,2908286587.782116,2128.960594,0.195001,1,2,1,0.020416
139,80408.000000,19592.000000,30,226324.549728,2620376673.144203,2102.719152,0.176073,1,2,1,0.020699
140,76878.000000,23122.000000,29,219031.838786,1941332834.490145,2225.728389,0.191785,1,2,1,0.019267
141,72274.000000,27726.000000,22,227102.930965,2113775310.703360,2333.248832,0.189901,1,2,2,0.022838
142,80257.000000,19743.000000,29,231822.375264,1878586908.095397,2834.553047,0.195680,1,2,2,0.013554
143,94863.000000,5137.000000,47,227563.259501,2261963505.383291,1645.584009,0.300417,1,2,1,0.002145
144,93331.000000,6669.000000,42,231865.257123,2003135859.571592,1826.343742,0.209353,1,2,3,0.011913
145,73912.000000,26088.000000,21,225902.504311,2235830657.292100,2625.598691,0.198083,1,2,2,0.016336
146,74170.000000,25830.000000,26,227371.819132,2661091503.070276,2681.156800,0.212411,1,2,1,0.018676
147,78496.000000,21504.000000,28,225138.177894,1510049177.443426,2517.664171,0.168997,1,2,2,0.024690
148,74828.000000,25172.000000,21,217983.123502,2954652706.687949,2509.670747,0.183535,1,2,2,0.025742
149,97319.000000,2681.000000,47,231034.676030,2144278682.027563,1815.934843,0.261071,1,2,2,0.009964
150,80709.000000,19291.000000,29,225942.142040,2472444277.710934,2282.245487,0.238399,1,2,1,0.025106
151,78801.000000,21199.000000,28,230200.415118,1796217301.822000,2221.154344,0.242016,1,2,1,0.023207
152,79510.000000,20490.000000,29,224339.805977,2277640153.767560,2194.705386,0.209381,1,2,2,0.026978
153,78493.000000,21507.000000,27,226053.995733,2520304965.514547,2508.051746,0.252065,1,2,1,0.020524
154,84967.000000,15033.000000,36,228276.966216,2394762155.317174,2106.360530,0.215924,1,2,1,0.010306
155,72211.000000,27789.000000,24,232374.129275,1621053855.015574,2367.685810,0.189218,1,2,1,0.022553
156,75694.000000,24306.000000,24,221268.982644,2840111938.591838,2425.003131,0.191075,1,2,1,0.021755
157,87884.000000,12116.000000,42,227798.396845,2108334163.579175,1789.513048,0.231274,1,2,1,0.002018
158,72602.000000,27398.000000,26,222484.673980,2505431175.867596,2266.166775,0.249877,1,2,2,0.021757
159,71766.000000,28234.000000,21,228562.893214,2016898362.723995,2568.492125,0.235061,1,2,1,0.020093
160,78737.000000,21263.000000,34,224729.250054,2291456299.993884,2307.921948,0.191236,1,2,1,0.019097
161,79776.000000,20224.000000,31,230208.975548,1805499570.539922,2175.136899,0.234498,1,2,1,0.024364
162,73235.000000,26765.000000,24,226910.185527,2170486011.144449,2574.583188,0.245084,1,2,1,0.026653
163,70305.000000,29695.000000,24,211653.384339,4045758483.342845,2687.451319,0.169077,1,2,1,0.023137
164,66724.000000,33276.000000,17,221038.456328,2442219821.036899,3727.136922,0.166551,1,2,2,0.026423
165,74011.000000,25989.000000,24,219741.184799,3028125497.641235,2228.941716,0.231014,1,2,1,0.021231
166,73203.000000,26797.000000,26,225902.293765,1949811990.193361,2570.684076,0.171128,1,2,1,0.029001
167,69320.000000,30680.000000,22,222323.690756,2444160045.754236,2833.018266,0.164117,1,2,1,0.022287
168,69906.000000,30094.000000,20,222656.804574,2536458031.000676,2849.722031,0.175980,1,2,1,0.017882
169,67150.000000,32850.000000,23,210809.974588,2220027063.770951,2426.397306,0.175467,1,2,1,0.024277
170,75219.000000,24781.000000,26,220506.787399,3325592486.706523,2558.433485,0.263391,1,2,3,0.019520
171,79976.000000,20024.000000,29,225199.390550,2278977738.668388,2121.764890,0.267793,1,2,1,0.024237
172,68937.000000,31063.000000,20,227795.151266,2627958673.381129,3225.653855,0.227176,1,2,1,0.016218
173,68716.000000,31284.000000,20,230606.309604,1937524060.160710,2924.333863,0.185105,1,2,1,0.020078
174,76768.000000,23232.000000,29,169908.614713,1336232208.371271,1937.503040,0.193758,1,2,2,0.025262
175,72301.000000,27699.000000,25,156471.891885,669540034.892709,1972.735639,0.133370,1,2,2,0.015591
176,71842.000000,28158.000000,25,141974.102043,892144588.568879,2270.557855,0.172712,1,2,1,0.016735
177,69864.000000,30136.000000,24,145282.428657,1218994240.981527,2032.005952,0.165161,1,2,1,0.013550
178,77010.000000,22990.000000,26,162629.985283,1223132606.670885,1825.854443,0.165161,1,2,2,0.013921
179,75167.000000,24833.000000,25,222873.059836,2803099358.615187,2138.444607,0.227686,1,2,1,0.025178
180,76075.000000,23925.000000,25,209224.881149,2805225730.391797,2179.124005,0.197353,1,2,2,0.033365
181,67285.000000,32715.000000,20,218930.127977,2833731567.367270,2701.853404,0.179450,1,2,2,0.020751
182,68219.000000,31781.000000,21,217845.494813,2634694023.511690,2479.292934,0.195330,1,2,2,0.021947
183,72343.000000,27657.000000,22,205336.126887,2288191763.190434,2046.320494,0.195825,1,2,3,0.023822
184,69557.000000,30443.000000,23,215935.495168,2617566333.739367,2662.580202,0.179249,1,2,3,0.019496
185,82784.000000,17216.000000,32,201498.795287,1799134238.548308,2222.506594,0.165748,1,2,1,0.010362
186,74640.000000,25360.000000,26,204291.849767,1704488493.825983,2346.850282,0.158095,1,2,1,0.012049
187,72022.000000,27978.000000,23,182599.299996,1201893585.257925,2458.535659,0.154919,1,2,1,0.016753
188,71091.000000,28909.000000,26,184797.551687,1538978119.121072,2504.916766,0.190331,1,2,1,0.019638
189,87604.000000,12396.000000,33,203947.453680,2366759896.007874,2099.131625,0.185875,1,2,3,0.014462
190,68810.000000,31190.000000,22,199824.842535,1583110490.616200,2581.311195,0.150024,1,2,1,0.015090
191,82817.000000,17183.000000,33,217849.768689,1877368884.854119,2068.762881,0.193449,1,2,3,0.033920
192,84279.000000,15721.000000,36,211585.590119,2215561547.399002,1929.814539,0.188274,1,2,2,0.010410
193,69700.000000,30300.000000,23,191217.541343,1233091499.233466,2483.098811,0.173496,1,2,1,0.023421
194,69618.000000,30382.000000,24,212221.750433,1734201236.529708,3011.150250,0.140297,1,2,1,0.013978
195,81993.000000,18007.000000,27,208348.219089,2058958368.993344,2258.112812,0.171902,1,2,1,0.015939
196,76748.000000,23252.000000,25,210180.791474,1898482332.960447,2663.260109,0.199973,1,2,2,0.019405
197,81179.000000,18821.000000,29,213002.179918,1925845370.973449,2155.297524,0.190353,1,2,2,0.016381
198,84935.000000,15065.000000,37,210169.734561,2178206492.297803,2100.150839,0.184492,1,2,1,0.016804
199,72346.000000,27654.000000,24,204931.913452,1882921937.915060,2588.993385,0.165732,1,2,3,0.023577
200,82565.000000,17435.000000,29,216472.365390,1851858296.765310,2361.580863,0.148292,1,2,4,0.011982
201,88548.000000,11452.000000,40,223254.437880,1592460790.763482,2076.036049,0.171273,1,2,3,0.023425
202,77533.000000,22467.000000,29,184622.803622,1546510257.581800,1965.910110,0.204569,1,2,2,0.019819
203,74854.000000,25146.000000,25,140129.937191,963657677.520314,1915.277456,0.156891,1,2,2,0.015438
204,71188.000000,28812.000000,24,108843.475169,346288471.599762,1342.939280,0.256244,1,2,3,0.021806
205,72606.000000,27394.000000,26,117774.136299,432389614.402856,1315.685951,0.238654,1,2,2,0.015427
206,69286.000000,30714.000000,23,117659.399798,465112015.604604,1412.848567,0.233311,1,2,3,0.018177
207,68732.000000,31268.000000,22,113427.312179,208720122.006770,1543.842233,0.180946,1,2,3,0.029693
208,83001.000000,16999.000000,31,131235.689753,460462184.947405,1608.325024,0.254865,1,2,2,0.014863
209,76669.000000,23331.000000,26,121901.408571,453117584.897227,1263.974558,0.234570,1,2,2,0.011016
210,77817.000000,22183.000000,30,140257.839234,551641155.877258,1516.936649,0.275490,1,2,2,0.019418
211,83498.000000,16502.000000,36,163243.819753,1704647866.722685,1746.936838,0.294490,1,2,2,0.010022
212,75698.000000,24302.000000,26,119351.893131,234563156.265524,1414.493493,0.254544,1,2,3,0.012089
213,70578.000000,29422.000000,24,137152.010426,729867740.661815,1767.409144,0.174074,1,2,1,0.019127
214,82581.000000,17419.000000,33,120158.992538,360636077.796638,1224.503789,0.264867,1,2,2,0.013153
215,80966.000000,19034.000000,32,208369.077283,2032464979.834084,2228.556839,0.155299,1,2,3,0.009063
216,82775.000000,17225.000000,32,159205.604203,643916490.596850,1626.833559,0.195811,1,2,3,0.015328
217,72383.000000,27617.000000,27,181597.258072,1908557847.696234,2555.100365,0.154144,1,2,3,0.026982
218,68862.000000,31138.000000,25,135251.392072,869316930.117634,1632.123267,0.167275,1,2,3,0.015908
219,63475.000000,36525.000000,19,129433.145964,673314510.975968,2075.639678,0.176547,1,2,3,0.032289
220,73878.000000,26122.000000,29,152541.580128,1093704164.225766,2025.713467,0.179467,1,2,3,0.014423
221,68622.000000,31378.000000,22,145734.913582,532533737.216371,1925.894607,0.155430,1,2,3,0.017546
222,78861.000000,21139.000000,28,172076.861444,912209467.753957,1705.282970,0.159585,1,2,3,0.023889
223,84256.000000,15744.000000,36,172270.988727,1295457894.609664,1635.311572,0.192380,1,2,2,0.012766
224,73628.000000,26372.000000,26,142143.622092,997822370.529694,1686.780566,0.197782,1,2,3,0.028873
225,77335.000000,22665.000000,27,155517.574604,1005464896.008786,1927.827048,0.192988,1,2,3,0.018174
226,81815.000000,18185.000000,34,183265.042344,1756637071.470724,2130.683757,0.220604,1,2,1,0.016775
227,70906.000000,29094.000000,19,82605.095553,454963819.099399,1027.181774,0.281712,1,2,3,0.027125
228,73560.000000,26440.000000,25,98253.604526,514092482.664156,1131.646357,0.263782,1,2,3,0.013734
229,67432.000000,32568.000000,22,115931.994898,342513847.233618,1749.478840,0.196276,1,2,3,0.012370
230,68411.000000,31589.000000,22,82438.932911,289961634.277596,1049.950986,0.269365,1,2,3,0.016004
231,73093.000000,26907.000000,28,79374.484197,127078042.872626,1032.862040,0.292871,2,3,3,0.015086
232,75978.000000,24022.000000,27,95978.032302,183367533.485441,1213.624705,0.271389,2,3,3,0.024566
233,79639.000000,20361.000000,29,181766.015066,1403282770.596975,1997.972668,0.187483,2,3,2,0.017932
234,78406.000000,21594.000000,29,190543.244535,1540531162.110379,2263.772042,0.165256,2,3,3,0.015448
235,84360.000000,15640.000000,37,202098.866760,2199646758.293643,2241.880625,0.155009,2,3,1,0.017507
236,68088.000000,31912.000000,20,143648.810240,595595743.719676,2231.337431,0.145005,2,3,1,0.027913
237,73210.000000,26790.000000,24,175494.875595,2042204271.082964,2073.425229,0.146338,2,3,3,0.019135
238,76047.000000,23953.000000,28,180092.025453,2009767931.662795,1976.484516,0.170189,2,3,3,0.017825
239,85195.000000,14805.000000,33,200109.399756,1749527876.914574,1887.733156,0.168152,2,3,3,0.025703
240,85630.000000,14370.000000,32,210273.085279,1954557259.819885,2101.928923,0.127522,2,3,3,0.014007
241,72542.000000,27458.000000,25,182414.069888,1521070980.773257,2525.609132,0.139431,2,3,3,0.019489
242,90441.000000,9559.000000,43,204572.726129,2179002229.011939,1970.805446,0.167725,2,3,1,0.010302
243,72715.000000,27285.000000,24,181761.191724,1371108394.839540,2444.202130,0.142477,2,3,5,0.017074
244,82650.000000,17350.000000,34,197763.786986,1880226213.375660,2448.030535,0.191632,2,3,3,0.024000
245,72860.000000,27140.000000,25,159389.053321,953282329.646714,2261.177018,0.208705,3,2,3,0.026240
246,75192.000000,24808.000000,25,168356.465886,1656177278.874972,2059.370845,0.167690,3,2,3,0.020198
247,80851.000000,19149.000000,33,195619.741021,1547464410.196963,2150.412678,0.142953,3,2,3,0.014053
248,76288.000000,23712.000000,27,170723.109836,1138692967.018159,1726.595730,0.190798,3,2,1,0.013723
249,68235.000000,31765.000000,17,110167.793597,556296950.212456,1169.046805,0.236222,4,2,3,0.025826
250,67700.000000,32300.000000,19,120984.599782,445001583.786690,1258.531581,0.249298,4,2,5,0.016007
251,77317.000000,22683.000000,29,139676.270413,525919535.363351,1376.501117,0.210080,4,2,3,0.012271
252,93505.000000,6495.000000,45,172791.663239,1278366078.909514,1130.196495,0.211342,4,2,1,0.009100
253,73572.000000,26428.000000,25,144810.950847,816681351.515038,1449.487976,0.225587,4,2,1,0.020777
254,68129.000000,31871.000000,21,165798.399217,1163271867.128810,1807.545575,0.173431,4,2,3,0.018896
255,84470.000000,15530.000000,32,137085.964775,738405282.129818,1055.540934,0.254317,4,2,3,0.024658
256,81143.000000,18857.000000,32,158047.188349,1804441263.973534,1414.230566,0.216427,4,2,3,0.014087
257,66921.000000,33079.000000,20,143809.075948,1195064298.372063,1799.152468,0.151544,3,1,3,0.027107
258,70044.000000,29956.000000,17,118237.044251,254971564.406419,1230.647920,0.211886,3,1,5,0.057076
259,79171.000000,20829.000000,30,149370.060168,701329594.270820,1403.135558,0.196237,3,1,6,0.024977
260,72964.000000,27036.000000,23,177477.775484,1188142384.551161,2203.930813,0.168978,3,1,3,0.013833
261,74281.000000,25719.000000,26,182899.680678,1088875219.990872,1936.951683,0.160645,3,1,2,0.022941
262,70674.000000,29326.000000,21,165358.243111,791160798.717131,2217.354914,0.151552,3,1,3,0.028019
263,72752.000000,27248.000000,26,186314.050645,1855983484.446723,2560.085738,0.174224,3,1,3,0.043293
264,68621.000000,31379.000000,22,169131.818978,1132675758.203780,2542.944843,0.123058,3,1,3,0.028563
265,74140.000000,25860.000000,26,214948.119396,1961084636.407326,2236.753375,0.164251,3,1,5,0.025762
266,78584.000000,21416.000000,28,196106.034290,2001286661.906237,2191.996824,0.123718,3,1,3,0.013523
267,71054.000000,28946.000000,22,190688.384862,1612414559.238826,2334.802927,0.108610,3,1,4,0.028118
268,81082.000000,18918.000000,32,210182.381864,1980449616.246006,2593.363901,0.137056,3,1,3,0.013331
269,68798.000000,31202.000000,21,208335.633105,1362830897.085708,2841.946354,0.092200,3,1,5,0.013814
270,77704.000000,22296.000000,30,204463.206851,2100343600.340426,2215.512556,0.116906,3,1,3,0.023899
271,69681.000000,30319.000000,22,182175.976930,1333065713.861976,2283.408112,0.108432,3,1,3,0.024884
272,74830.000000,25170.000000,26,186170.656840,1534466277.410435,2236.509298,0.131987,3,1,5,0.023756
273,74689.000000,25311.000000,27,172034.130278,1804201016.086391,2133.309751,0.184379,3,1,3,0.022331
274,73642.000000,26358.000000,28,169178.344555,1160614214.141064,1999.963245,0.155388,3,1,3,0.012588
275,72603.000000,27397.000000,25,176646.778058,1367698830.307447,2147.298698,0.108116,3,1,3,0.064747
276,75452.000000,24548.000000,27,190185.463124,1285399270.446420,2274.624953,0.117147,3,1,2,0.026740
277,73605.000000,26395.000000,25,194365.484379,1858016765.819388,1999.678529,0.130241,3,1,3,0.023005
278,85514.000000,14486.000000,34,197943.171563,1463383413.967920,2059.089479,0.151873,3,1,3,0.019707
279,67474.000000,32526.000000,19,151528.083972,929690745.721696,2277.782275,0.127945,3,1,3,0.038004
280,75308.000000,24692.000000,29,199455.852153,1965509018.765840,2240.391087,0.175336,3,1,3,0.013859
281,71725.000000,28275.000000,25,164376.083278,1846827393.546673,2225.616530,0.205260,1,0,3,0.018907
282,70944.000000,29056.000000,26,151907.009165,1141435798.175029,1688.535439,0.211096,1,0,3,0.023297
283,85516.000000,14484.000000,32,173844.680429,1040265604.689124,1329.312630,0.236090,1,0,3,0.013975
284,69725.000000,30275.000000,22,128864.257942,1025249028.093174,1640.881025,0.237964,1,0,3,0.019124
285,79969.000000,20031.000000,30,132431.977824,580420355.881884,1475.596302,0.311595,1,0,3,0.025263
286,77093.000000,22907.000000,27,124173.170598,428618601.150157,1477.748690,0.255011,1,0,3,0.026033
287,79203.000000,20797.000000,28,166832.767153,823919819.146382,1922.383890,0.243574,1,0,3,0.011542
288,77409.000000,22591.000000,29,126667.420966,658174451.080814,1381.545248,0.275776,1,0,3,0.018998
289,79372.000000,20628.000000,28,121062.586372,385808061.993345,1271.179092,0.265214,1,0,3,0.007503
290,75404.000000,24596.000000,27,128806.822486,767795889.808250,1712.752520,0.223675,1,0,3,0.023726
291,69886.000000,30114.000000,21,134148.219939,823458737.578795,1914.420937,0.233103,1,0,3,0.022302
292,75556.000000,24444.000000,29,146932.714870,1184287061.340535,1772.661875,0.205731,1,0,2,0.010627
293,71010.000000,28990.000000,20,103173.240307,244221339.698330,1269.142777,0.238000,1,0,3,0.018900
294,70526.000000,29474.000000,22,130767.811663,790667153.324208,1574.366934,0.254471,1,0,3,0.013384
295,96299.000000,3701.000000,45,180085.983158,1508269400.130873,1572.773741,0.216901,1,0,2,0.008819
296,69049.000000,30951.000000,19,121989.638809,450343765.563036,1602.567836,0.233893,1,0,3,0.016110
297,77552.000000,22448.000000,30,156961.547499,1145078527.260257,1983.300580,0.198526,1,0,1,0.008290
298,79196.000000,20804.000000,27,149998.612542,775232751.779450,1656.014310,0.268343,1,0,3,0.014807
299,83336.000000,16664.000000,33,189437.982194,1484071940.786152,2033.503576,0.225610,1,0,3,0.016268
300,73757.000000,26243.000000,27,130784.351818,1067107505.431359,1645.975183,0.234429,1,0,3,0.014916
301,86871.000000,13129.000000,36,165639.545139,1740622115.878796,1976.832506,0.229592,1,0,3,0.013967
302,75600.000000,24400.000000,27,130296.608625,537285913.892493,1718.919196,0.252285,1,0,2,0.014197
303,76074.000000,23926.000000,28,129046.049162,413567080.548927,1557.722658,0.268525,1,0,2,0.014232
304,87640.000000,12360.000000,37,169528.490039,1848708585.208969,1928.324922,0.248306,1,0,1,0.022247
305,78804.000000,21196.000000,29,142840.850164,791101323.743691,1678.213336,0.261014,1,0,3,0.016697
306,80439.000000,19561.000000,26,158758.254786,998203374.055892,1838.367691,0.238011,1,0,1,0.016509
307,77406.000000,22594.000000,25,149617.540275,650797701.162594,1718.968521,0.223909,1,0,3,0.014741
308,73728.000000,26272.000000,28,139004.355580,872071935.902133,1757.169446,0.192225,1,0,2,0.013891
309,83594.000000,16406.000000,34,152666.772269,873609393.246297,1604.129816,0.265396,1,0,3,0.011838
310,71496.000000,28504.000000,25,170222.403524,1720097940.182958,2133.508685,0.195807,1,0,2,0.018737
311,76742.000000,23258.000000,29,168227.546753,751763793.881077,2380.562038,0.191099,1,0,1,0.010882
312,83755.000000,16245.000000,33,145151.083021,888273826.017817,1645.351493,0.237839,1,0,3,0.014605
313,69778.000000,30222.000000,21,109445.036322,529012917.365390,1538.137254,0.274108,1,0,3,0.017892
314,76891.000000,23109.000000,27,153865.680463,1585801193.998053,1883.028776,0.288140,1,0,2,0.010811
315,82625.000000,17375.000000,31,156056.113893,1289195397.084325,1696.827322,0.214789,1,0,3,0.014691
316,75431.000000,24569.000000,28,152667.446746,729001952.816713,1800.514499,0.237517,1,0,1,0.018846
317,86102.000000,13898.000000,35,145729.013002,658636950.313380,1268.325889,0.313270,1,0,1,0.011594
318,83175.000000,16825.000000,32,145862.782071,980097924.075621,1472.902020,0.245738,1,0,3,0.010055
319,68647.000000,31353.000000,20,116046.245489,595061574.744240,1672.510227,0.233640,1,0,3,0.023283
320,69307.000000,30693.000000,23,118325.083977,365834944.522779,1740.531774,0.224361,1,0,3,0.011507
321,76950.000000,23050.000000,29,138858.152075,523342916.739172,1522.968367,0.211254,1,0,2,0.026907
322,75482.000000,24518.000000,29,175582.731057,1663329260.058693,2422.569582,0.197137,1,0,3,0.010219
323,77627.000000,22373.000000,30,138817.869379,971918506.673544,1556.800854,0.270505,1,0,2,0.016271
324,76264.000000,23736.000000,27,109965.184778,347726426.694939,1248.490338,0.242001,1,0,3,0.020004
325,79768.000000,20232.000000,31,166566.092801,1045927321.867270,1902.457878,0.220436,1,0,2,0.016359
326,79221.000000,20779.000000,29,149420.801839,926507941.783141,1618.879177,0.258011,1,0,3,0.015071
327,82086.000000,17914.000000,31,160350.345815,1512102498.594456,1791.020830,0.266335,1,0,3,0.013919
328,72542.000000,27458.000000,26,133305.531580,852327490.383981,1767.553025,0.233465,1,0,3,0.023243
329,77084.000000,22916.000000,28,107456.348107,438147119.071314,1112.012504,0.342105,1,0,3,0.013917
330,79109.000000,20891.000000,29,138839.181281,551381702.792510,1323.857604,0.215265,1,0,3,0.018992
331,75019.000000,24981.000000,26,153387.390671,805527573.335482,1890.908441,0.209981,1,0,3,0.017146
332,67306.000000,32694.000000,23,130966.915645,431255865.052156,2251.445111,0.196353,1,0,3,0.022333
333,78056.000000,21944.000000,30,126954.218375,693662134.320150,1473.492189,0.269873,1,0,4,0.019191
334,79208.000000,20792.000000,31,170437.002797,1495310031.534496,1985.433461,0.212046,1,0,4,0.023650
335,84528.000000,15472.000000,35,170509.552639,1294798714.731700,1850.803837,0.197019,1,0,2,0.009053
336,71031.000000,28969.000000,22,122532.044588,759337377.278796,1566.806621,0.242362,1,0,2,0.017738
337,68645.000000,31355.000000,23,135795.671616,835342073.660982,1734.623103,0.191868,1,0,3,0.018447
338,78274.000000,21726.000000,30,160499.987786,1574498909.009166,1628.390222,0.225535,1,0,3,0.008324
339,79178.000000,20822.000000,29,128803.143714,696042362.883315,1591.821298,0.306958,1,0,4,0.014827
340,71111.000000,28889.000000,22,141460.360052,947627587.389882,2134.607574,0.220117,1,0,3,0.019169
341,86121.000000,13879.000000,35,170311.964737,1805369474.139905,1669.374831,0.231636,1,0,2,0.015753
342,83762.000000,16238.000000,32,160633.665748,990702353.550814,1576.301787,0.225494,1,0,3,0.017164
343,78138.000000,21862.000000,28,172438.451424,938591472.285294,1767.709042,0.170126,1,0,3,0.016184
344,71350.000000,28650.000000,25,136069.975895,627048985.875157,1692.045189,0.204271,1,0,3,0.031939
345,74078.000000,25922.000000,27,147037.376713,1249099016.749704,1729.049175,0.208132,1,0,2,0.012392
346,72147.000000,27853.000000,27,158862.108609,1037586077.559593,1956.021034,0.183870,1,0,3,0.038515
347,68171.000000,31829.000000,21,135902.527069,483629826.253575,1987.142781,0.148471,1,0,3,0.020357
348,74271.000000,25729.000000,23,114909.276809,358726104.992564,1254.798683,0.232734,1,0,3,0.017237
349,76703.000000,23297.000000,28,154904.823481,651677175.996167,1841.549881,0.186941,1,0,3,0.025366
350,80397.000000,19603.000000,33,147202.539652,888197551.322310,1451.735903,0.237333,1,0,3,0.024883
351,71498.000000,28502.000000,22,139868.533822,827918675.481600,1722.005987,0.159675,1,0,3,0.026550
352,82401.000000,17599.000000,34,181224.469434,1316482805.012007,2001.932010,0.206308,1,0,3,0.016707
353,73494.000000,26506.000000,25,132287.774754,630802247.540324,1571.987995,0.227289,1,0,3,0.018746
354,73636.000000,26364.000000,27,81448.159941,217292542.330269,864.070560,0.306767,1,0,2,0.019032
355,78156.000000,21844.000000,27,71799.878260,401889991.984161,803.383495,0.352333,1,0,3,0.014652
356,93412.000000,6588.000000,45,125822.792210,362006328.370147,934.119195,0.309340,1,0,2,0.002173
357,76233.000000,23767.000000,27,89168.544924,451693493.405169,1140.512758,0.418089,1,0,2,0.013137
358,70221.000000,29779.000000,19,60672.222742,381653126.752576,744.809126,0.376487,1,0,3,0.027728
359,79310.000000,20690.000000,27,83038.665903,463232494.610987,807.936996,0.371804,1,0,3,0.018745
360,69163.000000,30837.000000,21,100525.163760,170813975.071234,1553.397690,0.313176,1,0,1,0.012413
361,64746.000000,35254.000000,16,62592.107444,364674487.528083,849.252804,0.362849,1,0,3,0.019062
362,74334.000000,25666.000000,24,106201.598093,212785238.262022,1455.139788,0.300861,1,0,4,0.013621
363,70156.000000,29844.000000,18,63498.526714,241864385.145690,766.482120,0.337940,1,0,3,0.012572
364,73277.000000,26723.000000,20,65219.478589,746573410.500580,675.151546,0.358219,1,0,3,0.013717
365,74062.000000,25938.000000,24,91902.193034,499974510.714981,951.991640,0.331045,1,0,3,0.016350
366,86668.000000,13332.000000,39,121798.863102,262702424.743218,1095.754883,0.266417,1,0,2,0.006672
367,74385.000000,25615.000000,26,65871.427305,444159006.081535,740.286579,0.383876,1,0,3,0.013874
368,93338.000000,6662.000000,44,108631.902411,153396542.081294,950.821855,0.249127,1,0,2,0.005107
369,76258.000000,23742.000000,27,106509.186747,639662127.738861,1370.271694,0.259686,1,0,3,0.012028
370,80995.000000,19005.000000,30,82194.604688,105872085.498102,759.999077,0.343411,1,0,2,0.012248
371,67252.000000,32748.000000,18,64178.048380,530324151.102481,826.547700,0.321225,1,0,3,0.015336
372,80720.000000,19280.000000,29,96604.473519,222658968.602798,901.451607,0.331168,1,0,3,0.015184
373,75911.000000,24089.000000,25,93171.205070,205101845.406716,990.601271,0.344100,1,0,4,0.015079
374,73586.000000,26414.000000,21,69962.132891,510535943.143795,837.290111,0.343976,1,0,3,0.017374
375,69102.000000,30898.000000,18,63566.779170,340327339.251839,747.273482,0.355322,1,0,3,0.016137
376,74314.000000,25686.000000,23,74136.494775,570226541.476005,837.176205,0.311848,1,0,4,0.024678
377,95255.000000,4745.000000,45,96832.067611,248437005.768356,785.557822,0.407830,1,0,3,0.013528
378,63155.000000,36845.000000,17,90778.880766,621704554.818836,1471.506191,0.248868,1,0,4,0.014015
379,80048.000000,19952.000000,33,93268.644565,409921533.342106,826.465967,0.317406,1,0,4,0.009205
380,74069.000000,25931.000000,22,90552.712264,403243464.893784,1177.693064,0.353753,1,0,4,0.012169
381,70168.000000,29832.000000,21,73776.025402,535052200.160835,883.600173,0.310918,1,0,2,0.020956
382,71990.000000,28010.000000,21,66906.687942,492025482.421028,813.801031,0.383553,1,0,3,0.021307
383,74667.000000,25333.000000,19,64005.519788,265040832.039708,693.889195,0.470927,1,0,2,0.013073
384,85740.000000,14260.000000,36,100702.091358,351968564.194930,810.534507,0.303325,1,0,2,0.015516
385,71682.000000,28318.000000,23,75540.055924,195815413.369147,973.871920,0.322151,1,0,3,0.014520
386,75154.000000,24846.000000,24,80881.885021,210309866.442568,899.416383,0.313604,1,0,2,0.011296
387,67317.000000,32683.000000,19,75045.050271,787403529.992234,855.527018,0.278799,1,0,3,0.017829
388,68930.000000,31070.000000,19,67599.355942,296578972.939421,815.807723,0.311641,1,0,3,0.014731
389,71282.000000,28718.000000,22,69598.500921,516689410.215609,853.673661,0.340096,1,0,2,0.014631
390,70749.000000,29251.000000,20,95489.007830,361764941.923194,1152.237267,0.290187,1,0,2,0.011786
391,79658.000000,20342.000000,27,75909.071019,237450456.286993,711.603041,0.414599,1,0,2,0.010001
392,69733.000000,30267.000000,22,72129.708965,482224038.193368,922.313620,0.358396,1,0,4,0.020465
393,68521.000000,31479.000000,20,73971.638207,333200731.957779,996.317519,0.343432,1,0,3,0.014500
394,75244.000000,24756.000000,27,105671.796905,293010256.841754,1322.498474,0.252051,1,0,2,0.013967
395,75746.000000,24254.000000,25,78907.888708,523162728.093243,786.346098,0.366766,1,0,2,0.012947
396,73284.000000,26716.000000,24,74291.528604,314700593.561335,828.948355,0.332917,1,0,4,0.010590
397,69038.000000,30962.000000,18,67504.078622,627038028.627065,803.527045,0.376437,1,0,4,0.012600
398,75100.000000,24900.000000,24,75407.432591,176508378.463690,824.471778,0.389250,1,0,2,0.017304
399,67676.000000,32324.000000,15,56861.558969,461623592.884764,751.552596,0.423820,1,0,2,0.014593
400,84390.000000,15610.000000,33,107138.519432,282636996.953595,1327.392237,0.433979,1,0,2,0.013434
401,62332.000000,37668.000000,13,57954.702169,437570464.287123,923.345189,0.391559,1,0,3,0.020068
402,91776.000000,8224.000000,43,161600.787916,1130744918.491074,1490.344594,0.190222,1,0,1,0.007500
403,73808.000000,26192.000000,22,128762.996514,745480470.213834,1531.709169,0.202556,1,0,3,0.012894
404,70069.000000,29931.000000,21,125339.187964,640039748.573555,1488.555993,0.192801,1,0,2,0.020834
405,78097.000000,21903.000000,29,130074.890404,429401932.908014,1371.863051,0.183431,1,0,3,0.014173
406,72505.000000,27495.000000,24,116650.423740,528398941.867430,1298.645203,0.186365,1,0,2,0.015613
407,79784.000000,20216.000000,26,130281.084242,364026162.402831,1482.641789,0.177610,1,0,2,0.015780
408,75157.000000,24843.000000,27,153837.821958,740807495.881967,1300.162841,0.239204,1,0,3,0.018065
409,75448.000000,24552.000000,29,125106.197864,429950988.453642,1305.868060,0.211412,1,0,2,0.012586
410,79626.000000,20374.000000,29,142291.756248,383949032.210875,1344.984313,0.155667,1,0,2,0.014579
411,75420.000000,24580.000000,24,219307.117229,1867565582.144608,2713.505921,0.124674,1,0,3,0.025057
412,71582.000000,28418.000000,22,217443.389717,1862579894.363145,2901.450296,0.097622,1,0,2,0.008629
413,74178.000000,25822.000000,30,223351.239425,1726666976.855137,2807.618101,0.105558,1,0,3,0.021565
414,67473.000000,32527.000000,23,217347.396499,2003443180.761428,2966.816808,0.099109,1,0,3,0.016215
415,69061.000000,30939.000000,20,221423.655975,1683607019.253191,2955.783203,0.128748,1,0,2,0.025542
416,81222.000000,18778.000000,28,222265.196938,1789592507.461873,2439.666861,0.128206,1,0,2,0.014910
417,64823.000000,35177.000000,19,222530.722694,1673985961.652287,3317.970582,0.125267,1,0,2,0.014814
418,79109.000000,20891.000000,34,220553.836880,2130917201.946872,2597.608467,0.109326,1,0,2,0.019165
419,75172.000000,24828.000000,25,207462.541270,1842001020.278490,2536.577011,0.128002,1,0,3,0.012144
420,78042.000000,21958.000000,29,210286.322061,1983430389.838832,2539.613172,0.119496,1,0,3,0.015035
421,71929.000000,28071.000000,22,176627.290855,909263983.998733,2401.298448,0.150657,1,0,3,0.015106
422,78752.000000,21248.000000,31,203106.790436,1543427800.826654,2551.463982,0.126685,1,0,3,0.018855
423,82129.000000,17871.000000,29,207290.178331,2376869351.199121,2032.670675,0.182846,1,0,2,0.013385
424,70613.000000,29387.000000,24,182452.862744,1004313888.720764,2519.719338,0.168443,1,0,3,0.014417
425,76690.000000,23310.000000,26,193142.698800,1192057082.770122,2106.682407,0.147829,1,0,3,0.017581
426,73355.000000,26645.000000,21,181947.263918,1285565273.483099,2590.564006,0.172631,1,0,3,0.018110
427,73710.000000,26290.000000,24,179499.213736,1479804305.299053,2270.508001,0.193824,1,0,2,0.011906
428,76613.000000,23387.000000,26,165585.163502,1546948935.837738,1876.035832,0.206269,1,0,3,0.013812
429,81693.000000,18307.000000,30,185620.286226,1581369920.613511,2235.930201,0.179859,1,0,4,0.014523
430,76493.000000,23507.000000,27,193699.218275,1171620397.163927,2071.978691,0.209574,1,0,3,0.025934
431,92098.000000,7902.000000,42,210128.870897,1851535188.520500,1910.284914,0.195546,1,0,2,0.012287
432,76523.000000,23477.000000,26,201365.229477,1835228276.671280,2788.833957,0.220605,1,0,2,0.017834
433,75792.000000,24208.000000,28,187609.314216,1862267057.485205,1873.488887,0.216054,1,0,3,0.013253
434,68012.000000,31988.000000,23,190512.864833,1652581267.691307,2412.387761,0.127536,1,0,3,0.023421
435,78111.000000,21889.000000,30,190334.916302,1445610531.119123,2247.558628,0.115548,1,0,3,0.019980
436,82949.000000,17051.000000,31,184000.538881,1733965440.416213,2090.679957,0.206255,1,0,3,0.011013
437,77802.000000,22198.000000,28,200379.140722,1518814503.940926,2327.403962,0.117290,1,0,2,0.029519
438,76373.000000,23627.000000,25,192407.170751,1719855991.393663,2340.173207,0.197891,1,0,2,0.020766
439,76348.000000,23652.000000,26,189439.350508,1769834676.791580,2396.916454,0.185782,1,0,3,0.012064
440,85729.000000,14271.000000,38,198637.111911,1420095256.039650,2098.988915,0.185268,1,0,3,0.012052
441,77263.000000,22737.000000,29,172710.110663,1793815684.837059,1956.507296,0.183711,1,0,3,0.022624
442,77118.000000,22882.000000,28,201136.864554,1910842276.803614,2647.466035,0.155545,1,0,2,0.013874
443,93410.000000,6590.000000,44,219665.078702,1627655924.201429,1829.056987,0.213167,1,0,2,0.005926
444,73718.000000,26282.000000,26,184406.132557,1192466337.202127,2185.196148,0.175752,1,0,2,0.013887
445,73427.000000,26573.000000,23,194874.860148,1714195088.719089,2468.506053,0.165377,1,0,3,0.012074
446,75841.000000,24159.000000,27,182046.771288,1143133421.330257,1930.713436,0.204816,1,0,3,0.015237
447,77486.000000,22514.000000,26,204395.527117,1820950887.397878,2461.669992,0.174374,1,0,2,0.013853
448,86732.000000,13268.000000,37,207342.063678,1410879417.043262,2039.202826,0.174171,1,0,2,0.021530
449,77115.000000,22885.000000,26,187144.763808,1029038541.686773,2023.572323,0.183188,1,0,3,0.020803
450,77231.000000,22769.000000,30,207008.198560,1709869864.685189,2415.960849,0.138779,1,0,2,0.015404
451,85279.000000,14721.000000,35,188412.367497,1752475990.120182,1535.772623,0.201596,1,0,3,0.012492
452,72808.000000,27192.000000,27,184253.427302,1371259632.766070,2263.508990,0.162314,1,0,2,0.019077
453,80370.000000,19630.000000,33,190465.869096,2925988166.637713,2253.680053,0.196117,1,0,2,0.015837
454,84928.000000,15072.000000,36,196272.550423,1827612647.006457,1855.856729,0.189848,1,0,2,0.010615
455,74420.000000,25580.000000,26,175806.160762,1061225830.670539,1998.477179,0.180473,1,0,2,0.022948
456,73789.000000,26211.000000,26,175267.156223,1284995442.212642,2120.741500,0.144106,1,0,2,0.019509
457,72843.000000,27157.000000,25,171572.839497,1555717611.348653,1918.413126,0.191270,1,0,2,0.021041
458,77756.000000,22244.000000,28,199996.448772,1343123687.394337,2164.325423,0.146321,1,0,2,0.014881
459,82018.000000,17982.000000,31,191278.368054,1701389220.931422,2256.940202,0.180039,1,0,2,0.016202
460,74410.000000,25590.000000,27,191765.489847,1455080561.940489,2387.758216,0.175374,1,0,3,0.019504
461,86437.000000,13563.000000,38,188357.752110,2494439640.933070,1686.140132,0.221535,1,0,3,0.009957
462,78730.000000,21270.000000,29,196260.708661,1208638334.817508,2250.118609,0.211320,2,0,3,0.017944
463,77203.000000,22797.000000,28,188843.107433,1692522868.664106,2064.001379,0.182968,2,0,2,0.015320
464,80357.000000,19643.000000,30,199618.708459,1325148882.545115,2210.192477,0.162229,2,0,2,0.016126
465,85610.000000,14390.000000,35,215769.682264,1618739418.512536,2181.724466,0.134655,2,0,3,0.018695
466,80827.000000,19173.000000,26,213333.295508,1449377377.537728,2036.389566,0.157993,2,0,2,0.023582
467,74126.000000,25874.000000,25,188785.978094,1042871744.824071,2252.520574,0.137047,2,0,3,0.027241
468,83096.000000,16904.000000,34,212330.628643,1811960070.967420,2142.324493,0.160603,2,0,2,0.022766
469,70728.000000,29272.000000,22,197874.850091,1512528232.051873,2531.909208,0.135019,2,0,2,0.020602
470,78077.000000,21923.000000,32,195220.135763,1690533108.823528,2297.814128,0.187218,2,0,2,0.015227
471,88966.000000,11034.000000,38,214752.211845,1648169235.478566,2150.955318,0.163691,2,0,2,0.015428
472,82035.000000,17965.000000,31,198374.039613,1776955295.562189,2222.383891,0.205237,2,0,2,0.015477
473,82811.000000,17189.000000,35,207914.228170,1462981593.204302,2085.978923,0.180091,2,0,2,0.019466
474,84740.000000,15260.000000,35,222900.890865,1491793672.070410,2436.205587,0.177881,2,0,3,0.017193
475,75471.000000,24529.000000,25,209951.819358,1473353964.583672,2392.175021,0.176193,2,0,2,0.039323
476,71255.000000,28745.000000,25,184807.698990,1971073381.552075,2179.691388,0.173692,2,0,3,0.023461
477,80506.000000,19494.000000,31,214691.480773,1566291259.772202,2219.095148,0.180981,2,0,3,0.020192
478,72546.000000,27454.000000,26,199571.703223,1578624136.038445,2397.926290,0.155322,2,0,3,0.015429
479,79025.000000,20975.000000,28,174424.918578,1502020459.731048,1901.187017,0.237414,4,0,3,0.032734
480,81569.000000,18431.000000,31,199312.123286,1291090561.892549,2092.519148,0.191811,4,0,3,0.016080
481,77292.000000,22708.000000,29,204076.454876,1135868278.600607,2234.607560,0.179514,4,0,2,0.018573
482,78208.000000,21792.000000,31,186628.747176,1597722613.307616,2009.934698,0.149973,2,0,3,0.028785
483,94828.000000,5172.000000,45,225153.978799,1318423000.816641,1884.322775,0.144964,2,0,1,0.010806
484,84896.000000,15104.000000,34,214188.151228,1559524572.727756,2088.329869,0.148027,2,0,2,0.019459
485,77588.000000,22412.000000,28,195125.463310,1952067460.849221,2265.472917,0.163290,2,0,3,0.018517
486,90095.000000,9905.000000,42,218835.263649,1542880417.303212,1917.457976,0.143652,2,0,1,0.012296
487,79498.000000,20502.000000,32,207825.827328,1470195662.603649,2086.925732,0.169607,2,0,2,0.019206
488,80028.000000,19972.000000,32,201396.674184,1383099856.534587,2076.115120,0.158839,2,0,3,0.014639
489,78195.000000,21805.000000,28,212914.004258,1542889627.552504,2558.901953,0.162430,2,0,3,0.023630
490,82128.000000,17872.000000,31,197244.171052,1078330231.297405,2007.398926,0.155224,2,0,3,0.028305
491,81445.000000,18555.000000,30,207446.214267,1305857699.060535,2044.168805,0.174537,2,0,3,0.014499
492,78301.000000,21699.000000,29,210478.185728,1460277692.119676,2229.426139,0.178527,2,0,3,0.015179
493,72693.000000,27307.000000,23,191671.359572,1140524815.588039,2401.558646,0.123780,2,0,2,0.018868
494,71778.000000,28222.000000,25,198715.672512,1695017446.533989,2389.855505,0.179529,2,0,2,0.028420
495,83254.000000,16746.000000,34,209436.902518,1481506315.741189,2319.064688,0.138251,2,0,2,0.009476
496,75889.000000,24111.000000,29,183483.665835,1793834126.981263,2277.309698,0.136228,2,0,3,0.018266
497,96953.000000,3047.000000,48,227348.502146,1559732982.402421,2007.846543,0.189715,2,0,1,0.010494
498,94215.000000,5785.000000,44,214887.533704,1501756159.392549,1975.872355,0.146853,2,0,2,0.009431
499,77073.000000,22927.000000,32,218527.151960,1711791837.934137,2528.848593,0.109190,2,0,3,0.012388
500,80810.000000,19190.000000,30,220299.650205,1513320254.492209,2392.766889,0.169154,2,0,2,0.017405
501,91377.000000,8623.000000,42,222088.447270,1610371777.063504,2316.260604,0.124091,2,0,4,0.012614
502,78785.000000,21215.000000,29,193598.526813,1336856588.623342,2208.022046,0.164696,2,0,3,0.021335
503,84793.000000,15207.000000,36,219339.579788,1421642227.761645,2260.290398,0.134854,2,0,3,0.015461
504,80312.000000,19688.000000,30,211202.182894,1998777537.322251,2535.828086,0.124353,2,0,4,0.015610
505,73010.000000,26990.000000,26,235973.491724,1755528901.893479,3130.578238,0.145173,2,0,2,0.021962
506,72189.000000,27811.000000,25,234406.449306,1858461601.479414,3244.468250,0.136102,2,0,3,0.024176
507,74417.000000,25583.000000,26,236631.017791,1429503257.772545,3197.126801,0.134654,2,0,3,0.038799
508,83002.000000,16998.000000,33,235776.210663,1802637364.945675,2582.321085,0.133899,2,0,3,0.025208
509,77624.000000,22376.000000,26,236600.385690,1519042801.472542,2970.539421,0.130379,2,0,3,0.027685
510,75067.000000,24933.000000,24,237342.000672,1490492065.909499,3327.908931,0.147784,2,0,3,0.024723
511,72174.000000,27826.000000,21,237811.773824,1344689479.528669,3319.087862,0.099044,2,0,4,0.015703
512,69417.000000,30583.000000,21,231989.666002,1288891699.267957,3690.869548,0.101521,2,0,3,0.027745
513,86372.000000,13628.000000,32,236628.323845,1345250156.017938,2521.321154,0.148632,2,0,3,0.021959
514,72713.000000,27287.000000,20,231575.764016,1616338933.626592,3391.705967,0.154014,2,0,3,0.023017
515,75065.000000,24935.000000,28,206251.270875,1792683131.236316,2623.048870,0.205334,1,0,3,0.012137
516,91467.000000,8533.000000,41,214205.400936,1750510097.604891,1994.243752,0.149038,1,0,3,0.025644
517,77288.000000,22712.000000,28,199069.939096,1732437752.213980,2175.301573,0.203955,1,0,3,0.012566
518,79854.000000,20146.000000,30,192040.534589,1953340295.420583,2318.890105,0.222872,1,0,4,0.024323
519,72952.000000,27048.000000,25,182734.072926,1492759508.004514,2155.530408,0.168271,1,0,3,0.013785
520,87413.000000,12587.000000,36,195805.714211,2590271286.083791,2073.685316,0.217631,1,0,2,0.014486
521,73536.000000,26464.000000,23,163752.897708,1008376001.926903,2122.560298,0.170202,1,0,3,0.019562
522,82045.000000,17955.000000,29,163709.243686,1124114415.419578,1670.524040,0.192498,1,0,3,0.013058
523,83045.000000,16955.000000,33,172369.858646,1965513441.526819,1830.010830,0.193140,1,0,3,0.016843
524,74563.000000,25437.000000,29,151738.645554,875780039.611408,1911.365683,0.182070,1,0,3,0.014531
525,82113.000000,17887.000000,31,160833.489603,1068186490.310505,1949.297302,0.224677,1,0,3,0.019969
526,70225.000000,29775.000000,20,160853.768642,1219765902.972920,2273.419623,0.176397,1,0,3,0.021794
527,79947.000000,20053.000000,28,186817.031081,1663881498.697910,2108.383426,0.151774,1,0,3,0.010633
528,89694.000000,10306.000000,44,195214.067489,2283535349.364268,1715.243807,0.229720,1,0,1,0.008029
529,82346.000000,17654.000000,33,189967.428973,1682391479.657379,1692.554609,0.227215,1,0,3,0.010607
530,75647.000000,24353.000000,26,167799.040488,1231915570.378708,2087.156353,0.181307,1,0,3,0.026739
531,78332.000000,21668.000000,28,176032.803310,1252819721.625425,2095.619560,0.210908,1,0,3,0.021776
532,78312.000000,21688.000000,24,166509.707787,1059884068.711299,1854.964520,0.190680,1,0,3,0.011562
533,80567.000000,19433.000000,33,197841.556626,2792956773.057458,2284.632660,0.165565,1,0,2,0.022440
534,79041.000000,20959.000000,28,166899.902509,1533697423.408222,1997.434756,0.213671,1,0,3,0.014228
535,73231.000000,26769.000000,27,182420.015079,1377400488.075883,2006.455140,0.162107,1,0,3,0.016799
536,81431.000000,18569.000000,33,188838.887846,1600579500.742486,1914.440989,0.207483,1,0,3,0.012776
537,79232.000000,20768.000000,29,178465.102209,1741804593.485088,2175.459780,0.211574,1,0,2,0.015946
538,71656.000000,28344.000000,23,178798.239292,1243500133.092552,2277.346485,0.182348,1,0,3,0.013624
539,75663.000000,24337.000000,28,195793.255345,1438439636.684243,2524.533004,0.171227,1,0,2,0.020263
540,80663.000000,19337.000000,31,178954.327799,1742183722.674931,1926.110917,0.182551,1,0,3,0.016781
541,72414.000000,27586.000000,25,181234.641371,1836768707.677561,2163.246872,0.160294,1,0,3,0.011320
542,74114.000000,25886.000000,26,175245.879793,1746662275.657429,2153.821433,0.175880,1,0,3,0.022849
543,80344.000000,19656.000000,32,170004.786268,1133988985.524872,1728.480489,0.214563,1,0,3,0.016590
544,75149.000000,24851.000000,23,181151.076920,1364666113.187987,2217.050577,0.181259,1,0,3,0.016839
545,74136.000000,25864.000000,25,179937.706697,1550314935.379926,2167.597051,0.157430,1,0,3,0.018077
546,72751.000000,27249.000000,25,173658.422228,966617337.945042,2123.357970,0.150759,1,0,3,0.015062
547,74183.000000,25817.000000,24,175686.423900,1389819878.591824,2132.856437,0.181597,1,0,3,0.012799
548,76314.000000,23686.000000,26,196042.801579,1858364447.132685,2351.198304,0.155964,1,0,3,0.014971
549,80640.000000,19360.000000,29,201541.266560,1468113090.545242,2257.360243,0.168204,1,0,3,0.013598
550,80472.000000,19528.000000,30,204135.481623,1793757509.003704,2043.129049,0.177082,1,0,3,0.018537
551,96211.000000,3789.000000,47,216184.718140,1599534425.117341,1926.442660,0.163327,1,0,1,0.009154
552,77803.000000,22197.000000,31,208765.894557,2015814189.430869,2285.347625,0.175285,1,0,3,0.012344
553,93256.000000,6744.000000,42,217787.963705,2102748599.450018,2007.822474,0.150091,1,0,3,0.011977
554,74502.000000,25498.000000,23,193219.347970,1081900148.335613,2339.268819,0.160420,1,0,3,0.015623
555,78322.000000,21678.000000,30,189003.652169,1918051907.384154,2199.945424,0.185555,1,0,3,0.025102
556,78099.000000,21901.000000,27,189540.972387,1491080726.555737,1957.547453,0.187963,1,0,3,0.020086
557,73325.000000,26675.000000,22,178437.625791,1111181063.671715,2134.227822,0.180811,1,0,3,0.010521
558,85718.000000,14282.000000,35,216598.708335,1888159897.514858,1917.604082,0.141900,1,0,3,0.014971
559,90578.000000,9422.000000,42,220685.933181,1966978245.021423,2098.728483,0.134493,1,0,3,0.012014
560,78171.000000,21829.000000,27,201584.966518,2036821658.425740,2052.519754,0.197695,1,0,3,0.027293
561,75702.000000,24298.000000,24,204845.480976,1788180672.056396,2480.497192,0.153550,0,0,3,0.023164
562,82507.000000,17493.000000,34,197754.219295,1394302490.026302,2188.330624,0.179193,0,0,3,0.016552
563,81900.000000,18100.000000,31,218181.308934,1839648574.702368,2300.694193,0.149589,0,0,3,0.020792
564,78784.000000,21216.000000,31,206069.006360,1723487027.188172,2269.019414,0.167659,0,0,3,0.016963
565,85459.000000,14541.000000,32,212040.231689,1614084006.467295,2136.382608,0.147531,0,0,3,0.019774
566,76138.000000,23862.000000,27,196339.204917,1654271942.509159,2366.026110,0.161792,0,0,3,0.011986
567,71822.000000,28178.000000,24,205998.535019,1735397004.393503,2699.764536,0.158844,0,0,3,0.017141
568,94474.000000,5526.000000,44,216130.535952,2184243613.250177,1898.752147,0.182315,0,0,2,0.001937
569,81199.000000,18801.000000,30,200839.195057,1617484125.939328,2190.528056,0.131136,0,0,3,0.018128
570,79945.000000,20055.000000,30,208897.242141,1860421616.290438,2552.260619,0.122054,1,0,3,0.028156
571,84300.000000,15700.000000,33,207123.369510,1962154434.886301,2294.727243,0.122953,1,0,2,0.015375
572,96309.000000,3691.000000,45,213854.024943,2235174745.889767,2020.270855,0.139292,1,0,2,0.012561
573,86623.000000,13377.000000,40,220844.476461,1737389411.566641,2374.360102,0.084688,1,0,2,0.015024
574,78666.000000,21334.000000,31,206368.946035,1657369419.053819,2403.340213,0.105096,1,0,3,0.027917
575,82387.000000,17613.000000,29,211474.841638,2104674930.640864,2527.816282,0.110830,1,0,3,0.010771
576,70264.000000,29736.000000,23,198475.369063,1021316752.786740,3033.951618,0.115860,1,0,3,0.025048
577,76523.000000,23477.000000,27,216843.286526,1808409012.139247,2751.703961,0.106989,1,0,3,0.015609
578,78028.000000,21972.000000,29,201915.159547,1700833772.314029,2401.483520,0.115245,1,0,3,0.014074
579,72134.000000,27866.000000,21,202660.855698,1315436902.483789,2606.706398,0.104298,1,0,4,0.013355
580,71838.000000,28162.000000,23,193070.152345,1844651521.264523,2585.176679,0.122414,1,0,3,0.025480
581,67580.000000,32420.000000,21,198292.606463,1470742981.630282,2906.001020,0.106538,1,1,3,0.025476
582,75452.000000,24548.000000,27,205032.173208,1977612536.424585,2898.408507,0.135325,1,1,3,0.014892
583,68952.000000,31048.000000,19,196100.806162,1839088596.102200,2625.055759,0.118953,1,1,3,0.029881
584,79316.000000,20684.000000,29,214452.639879,1476514506.980920,2553.605852,0.102023,1,1,3,0.012055
585,74664.000000,25336.000000,27,204030.364626,1795903216.532423,2825.610511,0.117312,1,1,3,0.009674
586,77630.000000,22370.000000,29,214862.087259,1797218214.441876,2445.378535,0.098607,1,1,3,0.017644
587,90522.000000,9478.000000,39,223273.717891,1774318635.707392,2354.302252,0.116617,1,1,2,0.013601
588,73206.000000,26794.000000,26,210524.377871,2149923231.299847,2996.463447,0.101721,1,1,4,0.029330
589,72479.000000,27521.000000,25,204179.217504,1489313909.417625,2596.877283,0.108442,1,1,3,0.012959
590,79409.000000,20591.000000,29,199126.713338,1437699488.217484,2340.794617,0.145667,1,1,2,0.009382
591,81780.000000,18220.000000,29,213621.406483,1690240967.102654,2562.915643,0.113092,1,1,2,0.013877
592,69993.000000,30007.000000,22,201496.334313,1737165630.761366,2794.304052,0.095093,1,1,4,0.010278
593,78487.000000,21513.000000,24,203259.014561,1265297192.361487,2457.556796,0.119229,1,1,4,0.010011
594,83117.000000,16883.000000,32,222921.437449,1636037485.603824,2514.819523,0.098586,1,1,3,0.015947
595,77914.000000,22086.000000,28,217616.069734,1536545667.428753,2526.914109,0.080413,1,1,4,0.017651
596,80604.000000,19396.000000,29,220968.388715,1679794633.591774,2296.041261,0.118121,1,1,3,0.021194
597,81028.000000,18972.000000,32,200046.381278,1340063040.061898,2224.380278,0.135046,1,1,4,0.016217
598,79759.000000,20241.000000,29,219057.546330,1526052852.018518,2464.670036,0.134536,1,1,4,0.020516
599,76045.000000,23955.000000,24,192834.375956,1431074927.424943,2349.984404,0.156694,1,1,5,0.013423
600,83916.000000,16084.000000,37,216701.080073,2053764171.417899,2210.612938,0.132240,1,1,4,0.012408
